DATE_TIME,AMBIENT_TEMPERATURE,IRRADIATION,DIRECT_RADIATION,MODULE_TEMPERATURE
2026-04-08 04:00:00,28.4,0.4310520939734423,256.0,39.176302349336055
2026-04-08 05:00:00,30.0,0.6210418794688458,425.0,45.52604698672114
2026-04-08 06:00:00,31.0,0.7568947906026557,523.0,49.92236976506639
2026-04-08 07:00:00,32.2,0.8314606741573034,580.0,52.986516853932585
2026-04-08 08:00:00,33.8,0.8539325842696629,622.0,55.148314606741565
2026-04-08 09:00:00,34.1,0.8263534218590398,598.0,54.75883554647599
2026-04-08 10:00:00,34.0,0.7088866189989785,485.0,51.72216547497446
2026-04-08 11:00:00,34.5,0.5372829417773238,366.0,47.932073544433095
2026-04-08 12:00:00,34.7,0.3350357507660878,207.0,43.0758937691522
2026-04-08 13:00:00,33.5,0.11338100102145046,45.0,36.33452502553626
2026-04-08 14:00:00,31.5,0.007150153217568948,1.0,31.678753830439224
2026-04-08 15:00:00,29.5,0.0,0.0,29.5
2026-04-08 16:00:00,28.5,0.0,0.0,28.5
2026-04-08 17:00:00,27.4,0.0,0.0,27.4
2026-04-08 18:00:00,27.0,0.0,0.0,27.0
2026-04-08 19:00:00,26.5,0.0,0.0,26.5
2026-04-08 20:00:00,26.0,0.0,0.0,26.0
2026-04-09 04:00:00,28.8,0.49948927477017363,354.0,41.28723186925434
2026-04-09 05:00:00,31.2,0.7058222676200204,534.0,48.84555669050051
2026-04-09 06:00:00,32.2,0.8610827374872319,672.0,53.7270684371808
2026-04-09 07:00:00,34.4,0.9111338100102145,684.0,57.17834525025536
2026-04-09 08:00:00,35.5,0.9325842696629213,710.0,58.81460674157303
2026-04-09 09:00:00,35.8,0.8345250255362615,613.0,56.663125638406534
2026-04-09 10:00:00,35.8,0.6925434116445353,477.0,53.11358529111338
2026-04-09 11:00:00,35.5,0.5025536261491318,309.0,48.06384065372829
2026-04-09 12:00:00,34.6,0.3391215526046987,208.0,43.078038815117466
2026-04-09 13:00:00,33.7,0.1338100102145046,63.0,37.04525025536262
2026-04-09 14:00:00,32.3,0.008171603677221655,1.0,32.504290091930535
2026-04-09 15:00:00,30.7,0.0,0.0,30.7
2026-04-09 16:00:00,29.5,0.0,0.0,29.5
2026-04-09 17:00:00,27.9,0.0,0.0,27.9
2026-04-09 18:00:00,28.2,0.0,0.0,28.2
2026-04-09 19:00:00,27.1,0.0,0.0,27.1
2026-04-09 20:00:00,26.9,0.0,0.0,26.9
2026-04-10 04:00:00,30.9,0.5127681307456589,365.0,43.71920326864147
2026-04-10 05:00:00,33.5,0.7211440245148111,547.0,51.52860061287028
2026-04-10 06:00:00,36.0,0.8774259448416751,686.0,57.93564862104188
2026-04-10 07:00:00,36.8,0.9673135852911133,765.0,60.98283963227783
2026-04-10 08:00:00,37.6,0.9805924412665986,777.0,62.11481103166497
2026-04-10 09:00:00,38.0,0.9172625127681308,722.0,60.931562819203265
2026-04-10 10:00:00,38.0,0.7834525025536262,603.0,57.58631256384065
2026-04-10 11:00:00,37.7,0.59244126659857,435.0,52.51103166496425
2026-04-10 12:00:00,37.0,0.36567926455566907,241.0,46.14198161389173
2026-04-10 13:00:00,35.5,0.13993871297242083,68.0,38.998467824310524
2026-04-10 14:00:00,33.2,0.008171603677221655,1.0,33.40429009193054
2026-04-10 15:00:00,32.8,0.0,0.0,32.8
2026-04-10 16:00:00,31.5,0.0,0.0,31.5
2026-04-10 17:00:00,30.4,0.0,0.0,30.4
2026-04-10 18:00:00,31.0,0.0,0.0,31.0
2026-04-10 19:00:00,29.8,0.0,0.0,29.8
2026-04-10 20:00:00,28.4,0.0,0.0,28.4
2026-04-11 04:00:00,31.4,0.5188968335035751,370.0,44.372420837589374
2026-04-11 05:00:00,34.2,0.7272727272727273,552.0,52.38181818181819
2026-04-11 06:00:00,36.2,0.8855975485188968,693.0,58.339938712972426
2026-04-11 07:00:00,38.0,0.975485188968335,773.0,62.38712972420838
2026-04-11 08:00:00,38.8,0.9887640449438202,785.0,63.519101123595505
2026-04-11 09:00:00,39.1,0.9244126659856997,729.0,62.21031664964249
2026-04-11 10:00:00,39.0,0.7895812053115424,609.0,58.73953013278856
2026-04-11 11:00:00,38.7,0.5955056179775281,438.0,53.587640449438204
2026-04-11 12:00:00,38.2,0.36567926455566907,242.0,47.34198161389173
2026-04-11 13:00:00,37.3,0.13993871297242083,68.0,40.79846782431052
2026-04-11 14:00:00,35.5,0.008171603677221655,1.0,35.70429009193054
2026-04-11 15:00:00,33.7,0.0,0.0,33.7
2026-04-11 16:00:00,33.0,0.0,0.0,33.0
2026-04-11 17:00:00,31.1,0.0,0.0,31.1
2026-04-11 18:00:00,31.8,0.0,0.0,31.8
2026-04-11 19:00:00,31.0,0.0,0.0,31.0
2026-04-11 20:00:00,29.2,0.0,0.0,29.2
2026-04-12 04:00:00,32.9,0.515832482124617,369.0,45.79581205311543
2026-04-12 05:00:00,35.4,0.7242083758937692,551.0,53.50520939734423
2026-04-12 06:00:00,37.3,0.8804902962206334,689.0,59.31225740551583
2026-04-12 07:00:00,39.0,0.9673135852911133,767.0,63.18283963227783
2026-04-12 08:00:00,39.8,0.9816138917262512,780.0,64.34034729315627
2026-04-12 09:00:00,40.2,0.9182839632277835,724.0,63.15709908069459
2026-04-12 10:00:00,40.0,0.7844739530132788,605.0,59.611848825331975
2026-04-12 11:00:00,39.7,0.5934627170582226,437.0,54.53656792645557
2026-04-12 12:00:00,39.2,0.36567926455566907,242.0,48.34198161389173
2026-04-12 13:00:00,38.0,0.13993871297242083,68.0,41.498467824310524
2026-04-12 14:00:00,36.7,0.009193054136874362,1.0,36.92982635342186
2026-04-12 15:00:00,35.8,0.0,0.0,35.8
2026-04-12 16:00:00,35.2,0.0,0.0,35.2
2026-04-12 17:00:00,33.6,0.0,0.0,33.6
2026-04-12 18:00:00,32.8,0.0,0.0,32.8
2026-04-12 19:00:00,31.6,0.0,0.0,31.6
2026-04-12 20:00:00,30.2,0.0,0.0,30.2
2026-04-13 04:00:00,32.8,0.5270684371807968,378.0,45.97671092951992
2026-04-13 05:00:00,35.3,0.7364657814096016,561.0,53.71164453524004
2026-04-13 06:00:00,37.4,0.8927477017364658,699.0,59.71869254341164
2026-04-13 07:00:00,39.2,0.982635342185904,779.0,63.7658835546476
2026-04-13 08:00:00,40.0,0.9959141981613892,792.0,64.89785495403473
2026-04-13 09:00:00,40.5,0.9315628192032687,735.0,63.78907048008172
2026-04-13 10:00:00,40.3,0.7967313585291114,614.0,60.218283963227776
2026-04-13 11:00:00,40.2,0.6026557711950971,444.0,55.26639427987743
2026-04-13 12:00:00,39.8,0.3718079673135853,246.0,49.09519918283963
2026-04-13 13:00:00,38.3,0.14300306435137897,70.0,41.87507660878447
2026-04-13 14:00:00,35.6,0.009193054136874362,1.0,35.82982635342186
2026-04-13 15:00:00,34.9,0.0,0.0,34.9
2026-04-13 16:00:00,34.2,0.0,0.0,34.2
2026-04-13 17:00:00,32.8,0.0,0.0,32.8
2026-04-13 18:00:00,32.0,0.0,0.0,32.0
2026-04-13 19:00:00,30.6,0.0,0.0,30.6
2026-04-13 20:00:00,29.9,0.0,0.0,29.9
2026-04-14 04:00:00,32.1,0.5229826353421859,373.0,45.17456588355465
2026-04-14 05:00:00,34.7,0.7303370786516854,555.0,52.95842696629214
2026-04-14 06:00:00,36.8,0.8876404494382022,694.0,58.99101123595506
2026-04-14 07:00:00,38.3,0.9765066394279878,775.0,62.71266598569969
2026-04-14 08:00:00,39.5,0.9918283963227783,788.0,64.29570990806945
2026-04-14 09:00:00,40.3,0.9284984678243106,732.0,63.51246169560776
2026-04-14 10:00:00,40.6,0.7946884576098059,613.0,60.46721144024515
2026-04-14 11:00:00,40.3,0.6026557711950971,444.0,55.366394279877426
2026-04-14 12:00:00,40.0,0.3718079673135853,245.0,49.29519918283963
2026-04-14 13:00:00,38.6,0.14402451481103168,70.0,42.20061287027579
2026-04-14 14:00:00,36.9,0.009193054136874362,1.0,37.129826353421855
2026-04-14 15:00:00,34.7,0.0,0.0,34.7
2026-04-14 16:00:00,31.8,0.0,0.0,31.8
2026-04-14 17:00:00,30.6,0.0,0.0,30.6
2026-04-14 18:00:00,29.9,0.0,0.0,29.9
2026-04-14 19:00:00,29.2,0.0,0.0,29.2
2026-04-14 20:00:00,29.1,0.0,0.0,29.1
2026-04-15 04:00:00,31.7,0.5178753830439223,370.0,44.64688457609806
2026-04-15 05:00:00,34.3,0.7221654749744637,549.0,52.354136874361586
2026-04-15 06:00:00,36.2,0.8764044943820225,686.0,58.11011235955057
2026-04-15 07:00:00,38.2,0.9632277834525026,763.0,62.28069458631256
2026-04-15 08:00:00,39.3,0.975485188968335,774.0,63.687129724208376
2026-04-15 09:00:00,39.8,0.9141981613891726,719.0,62.654954034729315
2026-04-15 10:00:00,40.0,0.7814096016343207,602.0,59.535240040858014
2026-04-15 11:00:00,39.8,0.59244126659857,435.0,54.611031664964244
2026-04-15 12:00:00,39.0,0.36670071501532175,243.0,48.16751787538304
2026-04-15 13:00:00,37.7,0.14402451481103168,70.0,41.30061287027579
2026-04-15 14:00:00,35.5,0.010214504596527068,2.0,35.755362614913174
2026-04-15 15:00:00,34.7,0.0,0.0,34.7
2026-04-15 16:00:00,30.8,0.0,0.0,30.8
2026-04-15 17:00:00,30.1,0.0,0.0,30.1
2026-04-15 18:00:00,29.5,0.0,0.0,29.5
2026-04-15 19:00:00,28.8,0.0,0.0,28.8
2026-04-15 20:00:00,27.9,0.0,0.0,27.9
2026-04-16 04:00:00,30.9,0.5229826353421859,373.0,43.97456588355465
2026-04-16 05:00:00,33.5,0.72829417773238,552.0,51.7073544433095
2026-04-16 06:00:00,35.6,0.881511746680286,689.0,57.63779366700715
2026-04-16 07:00:00,37.7,0.9673135852911133,762.0,61.882839632277836
2026-04-16 08:00:00,38.8,0.9744637385086823,751.0,63.16159346271705
2026-04-16 09:00:00,39.5,0.9101123595505618,691.0,62.252808988764045
2026-04-16 10:00:00,39.8,0.7814096016343207,586.0,59.33524004085801
2026-04-16 11:00:00,39.6,0.5883554647599591,416.0,54.30888661899898
2026-04-16 12:00:00,39.0,0.3585291113381001,222.0,47.9632277834525
2026-04-16 13:00:00,37.8,0.14198161389172625,62.0,41.34954034729316
2026-04-16 14:00:00,35.2,0.010214504596527068,1.0,35.45536261491318
2026-04-16 15:00:00,34.0,0.0,0.0,34.0
2026-04-16 16:00:00,32.8,0.0,0.0,32.8
2026-04-16 17:00:00,30.5,0.0,0.0,30.5
2026-04-16 18:00:00,30.1,0.0,0.0,30.1
2026-04-16 19:00:00,29.5,0.0,0.0,29.5
2026-04-16 20:00:00,28.9,0.0,0.0,28.9
2026-04-17 04:00:00,31.2,0.4698672114402451,230.0,42.94668028600613
2026-04-17 05:00:00,33.8,0.6557711950970377,353.0,50.19427987742594
2026-04-17 06:00:00,35.3,0.7487231869254342,348.0,54.01807967313585
2026-04-17 07:00:00,37.3,0.8079673135852911,358.0,57.49918283963227
2026-04-17 08:00:00,38.5,0.8416751787538305,399.0,59.541879468845764
2026-04-17 09:00:00,39.3,0.8028600612870276,412.0,59.371501532175685
2026-04-17 10:00:00,40.0,0.7129724208375894,393.0,57.82431052093973
2026-04-17 11:00:00,40.2,0.5597548518896833,323.0,54.19387129724208
2026-04-17 12:00:00,39.4,0.35240040858018384,190.0,48.21001021450459
2026-04-17 13:00:00,37.5,0.1481103166496425,70.0,41.20275791624106
2026-04-17 14:00:00,34.5,0.011235955056179775,2.0,34.78089887640449
2026-04-17 15:00:00,33.3,0.0,0.0,33.3
2026-04-17 16:00:00,32.5,0.0,0.0,32.5
2026-04-17 17:00:00,32.7,0.0,0.0,32.7
2026-04-17 18:00:00,32.2,0.0,0.0,32.2
2026-04-17 19:00:00,31.2,0.0,0.0,31.2
2026-04-17 20:00:00,30.1,0.0,0.0,30.1
2026-04-18 04:00:00,33.2,0.5352400408580184,383.0,46.58100102145046
2026-04-18 05:00:00,36.0,0.7436159346271706,564.0,54.59039836567926
2026-04-18 06:00:00,38.0,0.898876404494382,702.0,60.47191011235955
2026-04-18 07:00:00,39.4,0.9846782431052093,779.0,64.01695607763023
2026-04-18 08:00:00,40.5,0.9989785495403473,792.0,65.47446373850869
2026-04-18 09:00:00,41.2,0.9346271705822268,735.0,64.56567926455567
2026-04-18 10:00:00,41.4,0.7987742594484167,614.0,61.36935648621042
2026-04-18 11:00:00,41.2,0.6036772216547498,442.0,56.29193054136875
2026-04-18 12:00:00,40.7,0.372829417773238,245.0,50.02073544433095
2026-04-18 13:00:00,38.8,0.14606741573033707,71.0,42.45168539325842
2026-04-18 14:00:00,36.0,0.010214504596527068,2.0,36.255362614913174
2026-04-18 15:00:00,34.8,0.0,0.0,34.8
2026-04-18 16:00:00,34.5,0.0,0.0,34.5
2026-04-18 17:00:00,33.9,0.0,0.0,33.9
2026-04-18 18:00:00,33.0,0.0,0.0,33.0
2026-04-18 19:00:00,31.4,0.0,0.0,31.4
2026-04-18 20:00:00,30.0,0.0,0.0,30.0
2026-04-19 04:00:00,31.8,0.5209397344228804,353.0,44.823493360572016
2026-04-19 05:00:00,34.7,0.7252298263534218,527.0,52.830745658835546
2026-04-19 06:00:00,36.7,0.8692543411644535,635.0,58.43135852911134
2026-04-19 07:00:00,38.2,0.958120531154239,718.0,62.15301327885598
2026-04-19 08:00:00,39.2,0.9662921348314607,725.0,63.357303370786525
2026-04-19 09:00:00,40.0,0.9090909090909091,687.0,62.72727272727273
2026-04-19 10:00:00,40.2,0.7701736465781409,554.0,59.454341164453524
2026-04-19 11:00:00,39.8,0.5812053115423902,393.0,54.33013278855975
2026-04-19 12:00:00,38.4,0.36057201225740554,220.0,47.41430030643514
2026-04-19 13:00:00,37.0,0.1481103166496425,71.0,40.70275791624106
2026-04-19 14:00:00,34.6,0.011235955056179775,2.0,34.880898876404494
2026-04-19 15:00:00,33.2,0.0,0.0,33.2
2026-04-19 16:00:00,33.0,0.0,0.0,33.0
2026-04-19 17:00:00,32.7,0.0,0.0,32.7
2026-04-19 18:00:00,31.9,0.0,0.0,31.9
2026-04-19 19:00:00,30.5,0.0,0.0,30.5
2026-04-19 20:00:00,28.3,0.0,0.0,28.3
2026-04-20 04:00:00,31.6,0.5291113381001021,376.0,44.82778345250256
2026-04-20 05:00:00,34.5,0.7323799795709908,553.0,52.80949948927477
2026-04-20 06:00:00,36.0,0.8835546475995915,687.0,58.08886618998979
2026-04-20 07:00:00,37.9,0.9673135852911133,762.0,62.08283963227783
2026-04-20 08:00:00,39.0,0.9795709908069459,773.0,63.48927477017365
2026-04-20 09:00:00,39.7,0.916241062308478,716.0,62.60602655771196
2026-04-20 10:00:00,39.8,0.7834525025536262,599.0,59.38631256384065
2026-04-20 11:00:00,39.7,0.5934627170582226,432.0,54.53656792645557
2026-04-20 12:00:00,39.0,0.3687436159346272,240.0,48.21859039836568
2026-04-20 13:00:00,37.8,0.1470888661899898,71.0,41.47722165474974
2026-04-20 14:00:00,36.0,0.011235955056179775,2.0,36.28089887640449
2026-04-20 15:00:00,34.5,0.0,0.0,34.5
2026-04-20 16:00:00,33.1,0.0,0.0,33.1
2026-04-20 17:00:00,33.0,0.0,0.0,33.0
2026-04-20 18:00:00,32.3,0.0,0.0,32.3
2026-04-20 19:00:00,30.8,0.0,0.0,30.8
2026-04-20 20:00:00,29.9,0.0,0.0,29.9
2026-04-21 04:00:00,32.5,0.5362614913176711,382.0,45.90653728294178
2026-04-21 05:00:00,35.2,0.7395301327885597,559.0,53.68825331971399
2026-04-21 06:00:00,37.5,0.8907048008171604,693.0,59.76762002042901
2026-04-21 07:00:00,39.0,0.975485188968335,768.0,63.38712972420838
2026-04-21 08:00:00,40.2,0.9867211440245148,778.0,64.86802860061287
2026-04-21 09:00:00,40.7,0.9223697650663942,721.0,63.75924412665986
2026-04-21 10:00:00,40.8,0.7916241062308478,605.0,60.59060265577119
2026-04-21 11:00:00,40.0,0.6026557711950971,440.0,55.06639427987743
2026-04-21 12:00:00,38.9,0.37589376915219613,247.0,48.2973442288049
2026-04-21 13:00:00,37.7,0.1491317671092952,72.0,41.42829417773238
2026-04-21 14:00:00,35.3,0.011235955056179775,2.0,35.58089887640449
2026-04-21 15:00:00,34.2,0.0,0.0,34.2
2026-04-21 16:00:00,33.0,0.0,0.0,33.0
2026-04-21 17:00:00,32.2,0.0,0.0,32.2
2026-04-21 18:00:00,32.0,0.0,0.0,32.0
2026-04-21 19:00:00,30.1,0.0,0.0,30.1
2026-04-21 20:00:00,28.7,0.0,0.0,28.7
2026-04-22 04:00:00,31.6,0.5423901940755873,386.0,45.15975485188969
2026-04-22 05:00:00,34.4,0.7466802860061287,564.0,53.067007150153216
2026-04-22 06:00:00,36.3,0.8998978549540347,700.0,58.79744637385086
2026-04-22 07:00:00,38.1,0.9846782431052093,775.0,62.716956077630236
2026-04-22 08:00:00,39.3,0.9948927477017364,784.0,64.1723186925434
2026-04-22 09:00:00,39.9,0.9295199182839632,726.0,63.137997957099074
2026-04-22 10:00:00,40.0,0.7906026557711952,604.0,59.76506639427988
2026-04-22 11:00:00,39.7,0.5975485188968335,435.0,54.63871297242084
2026-04-22 12:00:00,38.5,0.3718079673135853,243.0,47.79519918283963
2026-04-22 13:00:00,37.2,0.1501532175689479,72.0,40.9538304392237
2026-04-22 14:00:00,35.0,0.012257405515832482,2.0,35.30643513789581
2026-04-22 15:00:00,33.5,0.0,0.0,33.5
2026-04-22 16:00:00,32.7,0.0,0.0,32.7
2026-04-22 17:00:00,32.4,0.0,0.0,32.4
2026-04-22 18:00:00,31.8,0.0,0.0,31.8
2026-04-22 19:00:00,30.8,0.0,0.0,30.8
2026-04-22 20:00:00,29.7,0.0,0.0,29.7
2026-04-23 04:00:00,31.5,0.54341164453524,386.0,45.085291113381004
2026-04-23 05:00:00,34.2,0.745658835546476,562.0,52.8414708886619
2026-04-23 06:00:00,35.8,0.8958120531154239,696.0,58.195301327885595
2026-04-23 07:00:00,37.8,0.9816138917262512,772.0,62.34034729315628
2026-04-23 08:00:00,39.2,0.992849846782431,782.0,64.02124616956078
2026-04-23 09:00:00,39.9,0.9284984678243106,725.0,63.11246169560776
2026-04-23 10:00:00,40.5,0.7936670071501533,606.0,60.34167517875383
2026-04-23 11:00:00,40.5,0.6026557711950971,439.0,55.56639427987743
2026-04-23 12:00:00,40.0,0.3769152196118488,247.0,49.42288049029622
2026-04-23 13:00:00,38.8,0.15423901940755874,75.0,42.65597548518897
2026-04-23 14:00:00,36.2,0.013278855975485188,2.0,36.53197139938713
2026-04-23 15:00:00,34.8,0.0,0.0,34.8
2026-04-23 16:00:00,34.8,0.0,0.0,34.8
2026-04-23 17:00:00,32.6,0.0,0.0,32.6
2026-04-23 18:00:00,32.0,0.0,0.0,32.0
2026-04-23 19:00:00,30.9,0.0,0.0,30.9
2026-04-23 20:00:00,29.8,0.0,0.0,29.8
2026-04-24 04:00:00,32.9,0.5444330949948928,387.0,46.51082737487232
2026-04-24 05:00:00,35.9,0.7477017364657814,564.0,54.592543411644535
2026-04-24 06:00:00,38.2,0.9009193054136875,699.0,60.72298263534219
2026-04-24 07:00:00,40.2,0.9908069458631257,779.0,64.97017364657815
2026-04-24 08:00:00,41.4,1.0,788.0,66.4
2026-04-24 09:00:00,42.1,0.9325842696629213,729.0,65.41460674157304
2026-04-24 10:00:00,42.3,0.7967313585291114,608.0,62.218283963227776
2026-04-24 11:00:00,42.1,0.6036772216547498,440.0,57.19193054136875
2026-04-24 12:00:00,41.3,0.37589376915219613,246.0,50.6973442288049
2026-04-24 13:00:00,39.9,0.1511746680286006,73.0,43.679366700715015
2026-04-24 14:00:00,37.7,0.012257405515832482,2.0,38.006435137895814
2026-04-24 15:00:00,36.9,0.0,0.0,36.9
2026-04-24 16:00:00,36.2,0.0,0.0,36.2
2026-04-24 17:00:00,35.0,0.0,0.0,35.0
2026-04-24 18:00:00,34.2,0.0,0.0,34.2
2026-04-24 19:00:00,33.2,0.0,0.0,33.2
2026-04-24 20:00:00,31.4,0.0,0.0,31.4
2026-04-25 04:00:00,34.2,0.54341164453524,385.0,47.78529111338101
2026-04-25 05:00:00,36.8,0.7436159346271706,560.0,55.39039836567926
2026-04-25 06:00:00,39.1,0.891726251276813,691.0,61.39315628192033
2026-04-25 07:00:00,40.8,0.9744637385086823,764.0,65.16159346271705
2026-04-25 08:00:00,42.0,0.9836567926455567,773.0,66.59141981613891
2026-04-25 09:00:00,43.0,0.9090909090909091,702.0,65.72727272727272
2026-04-25 10:00:00,43.3,0.7517875383043923,542.0,62.094688457609806
2026-04-25 11:00:00,43.2,0.5628192032686414,388.0,57.27048008171604
2026-04-25 12:00:00,42.5,0.36057201225740554,226.0,51.51430030643514
2026-04-25 13:00:00,40.9,0.1470888661899898,66.0,44.57722165474974
2026-04-25 14:00:00,38.0,0.012257405515832482,2.0,38.30643513789581
2026-04-25 15:00:00,36.5,0.0,0.0,36.5
2026-04-25 16:00:00,36.2,0.0,0.0,36.2
2026-04-25 17:00:00,35.2,0.0,0.0,35.2
2026-04-25 18:00:00,34.6,0.0,0.0,34.6
2026-04-25 19:00:00,32.8,0.0,0.0,32.8
2026-04-25 20:00:00,32.0,0.0,0.0,32.0
2026-04-26 04:00:00,34.2,0.54341164453524,386.0,47.78529111338101
2026-04-26 05:00:00,37.3,0.7425944841675178,558.0,55.86486210418794
2026-04-26 06:00:00,39.9,0.8907048008171604,689.0,62.16762002042901
2026-04-26 07:00:00,42.0,0.9765066394279878,766.0,66.41266598569969
2026-04-26 08:00:00,43.5,0.9887640449438202,778.0,68.21910112359551
2026-04-26 09:00:00,44.0,0.9203268641470889,714.0,67.00817160367723
2026-04-26 10:00:00,44.1,0.7885597548518897,600.0,63.81399387129724
2026-04-26 11:00:00,43.5,0.6006128702757916,435.0,58.51532175689479
2026-04-26 12:00:00,42.5,0.37589376915219613,245.0,51.897344228804904
2026-04-26 13:00:00,41.0,0.15423901940755874,74.0,44.85597548518897
2026-04-26 14:00:00,39.5,0.013278855975485188,2.0,39.83197139938713
2026-04-26 15:00:00,38.4,0.0,0.0,38.4
2026-04-26 16:00:00,37.0,0.0,0.0,37.0
2026-04-26 17:00:00,35.5,0.0,0.0,35.5
2026-04-26 18:00:00,34.8,0.0,0.0,34.8
2026-04-26 19:00:00,33.3,0.0,0.0,33.3
2026-04-26 20:00:00,32.8,0.0,0.0,32.8
2026-04-27 04:00:00,34.7,0.550561797752809,391.0,48.46404494382023
2026-04-27 05:00:00,37.2,0.7517875383043923,566.0,55.99468845760981
2026-04-27 06:00:00,39.3,0.8998978549540347,697.0,61.79744637385086
2026-04-27 07:00:00,41.2,0.9816138917262512,770.0,65.74034729315628
2026-04-27 08:00:00,42.5,0.9887640449438202,777.0,67.21910112359551
2026-04-27 09:00:00,43.2,0.9213483146067416,717.0,66.23370786516854
2026-04-27 10:00:00,43.3,0.7834525025536262,593.0,62.88631256384065
2026-04-27 11:00:00,43.6,0.5965270684371808,432.0,58.51317671092952
2026-04-27 12:00:00,42.4,0.37793667007150156,249.0,51.84841675178754
2026-04-27 13:00:00,40.8,0.15219611848825332,73.0,44.60490296220633
2026-04-27 14:00:00,39.0,0.013278855975485188,2.0,39.33197139938713
2026-04-27 15:00:00,37.1,0.0,0.0,37.1
2026-04-27 16:00:00,34.2,0.0,0.0,34.2
2026-04-27 17:00:00,33.2,0.0,0.0,33.2
2026-04-27 18:00:00,32.3,0.0,0.0,32.3
2026-04-27 19:00:00,31.4,0.0,0.0,31.4
2026-04-27 20:00:00,30.7,0.0,0.0,30.7
2026-04-28 04:00:00,33.3,0.5474974463738509,388.0,46.987436159346274
2026-04-28 05:00:00,35.9,0.7487231869254342,562.0,54.61807967313585
2026-04-28 06:00:00,37.5,0.8978549540347294,695.0,59.946373850868234
2026-04-28 07:00:00,39.5,0.9785495403472931,766.0,63.963738508682326
2026-04-28 08:00:00,41.0,0.9867211440245148,774.0,65.66802860061287
2026-04-28 09:00:00,41.7,0.9009193054136875,689.0,64.22298263534219
2026-04-28 10:00:00,42.3,0.7517875383043923,545.0,61.094688457609806
2026-04-28 11:00:00,43.0,0.5903983656792645,425.0,57.75995914198161
2026-04-28 12:00:00,41.7,0.3748723186925434,243.0,51.07180796731359
2026-04-28 13:00:00,40.6,0.15423901940755874,74.0,44.45597548518897
2026-04-28 14:00:00,35.3,0.014300306435137897,2.0,35.657507660878444
2026-04-28 15:00:00,33.8,0.0,0.0,33.8
2026-04-28 16:00:00,32.7,0.0,0.0,32.7
2026-04-28 17:00:00,31.1,0.0,0.0,31.1
2026-04-28 18:00:00,30.8,0.0,0.0,30.8
2026-04-28 19:00:00,30.7,0.0,0.0,30.7
2026-04-28 20:00:00,29.9,0.0,0.0,29.9
2026-04-29 04:00:00,33.3,0.5444330949948928,385.0,46.91082737487232
2026-04-29 05:00:00,35.5,0.7425944841675178,557.0,54.064862104187945
2026-04-29 06:00:00,37.3,0.8896833503575077,687.0,59.54208375893769
2026-04-29 07:00:00,39.0,0.9724208375893769,760.0,63.310520939734424
2026-04-29 08:00:00,40.4,0.9816138917262512,768.0,64.94034729315628
2026-04-29 09:00:00,41.0,0.916241062308478,712.0,63.906026557711954
2026-04-29 10:00:00,42.0,0.7344228804902962,536.0,60.36057201225741
2026-04-29 11:00:00,42.5,0.5791624106230848,412.0,56.97906026557712
2026-04-29 12:00:00,40.3,0.34014300306435136,181.0,48.80357507660878
2026-04-29 13:00:00,35.5,0.1481103166496425,67.0,39.20275791624106
2026-04-29 14:00:00,33.9,0.014300306435137897,2.0,34.257507660878446
2026-04-29 15:00:00,32.2,0.0,0.0,32.2
2026-04-29 16:00:00,31.3,0.0,0.0,31.3
2026-04-29 17:00:00,30.9,0.0,0.0,30.9
2026-04-29 18:00:00,30.6,0.0,0.0,30.6
2026-04-29 19:00:00,30.4,0.0,0.0,30.4
2026-04-29 20:00:00,30.2,0.0,0.0,30.2
2026-04-30 04:00:00,32.5,0.5383043922369765,379.0,45.95760980592441
2026-04-30 05:00:00,34.5,0.7344228804902962,549.0,52.86057201225741
2026-04-30 06:00:00,36.3,0.8804902962206334,677.0,58.31225740551583
2026-04-30 07:00:00,38.0,0.9611848825331971,748.0,62.029622063329924
2026-04-30 08:00:00,39.4,0.9703779366700716,757.0,63.659448416751786
2026-04-30 09:00:00,40.5,0.906026557711951,701.0,63.15066394279877
2026-04-30 10:00:00,41.0,0.7732379979570991,583.0,60.33094994892748
2026-04-30 11:00:00,40.8,0.5454545454545454,365.0,54.43636363636363
2026-04-30 12:00:00,38.4,0.31869254341164455,189.0,46.367313585291114
2026-04-30 13:00:00,35.8,0.13789581205311544,62.0,39.247395301327884
2026-04-30 14:00:00,32.7,0.013278855975485188,2.0,33.03197139938713
2026-04-30 15:00:00,31.9,0.0,0.0,31.9
2026-04-30 16:00:00,31.0,0.0,0.0,31.0
2026-04-30 17:00:00,30.6,0.0,0.0,30.6
2026-04-30 18:00:00,30.3,0.0,0.0,30.3
2026-04-30 19:00:00,29.6,0.0,0.0,29.6
2026-04-30 20:00:00,29.1,0.0,0.0,29.1
2026-05-01 04:00:00,32.5,0.5383043922369765,378.0,45.95760980592441
2026-05-01 05:00:00,34.8,0.7334014300306435,546.0,53.135035750766086
2026-05-01 06:00:00,37.0,0.8784473953013279,675.0,58.961184882533196
2026-05-01 07:00:00,39.0,0.958120531154239,745.0,62.95301327885598
2026-05-01 08:00:00,40.8,0.9673135852911133,754.0,64.98283963227783
2026-05-01 09:00:00,41.7,0.9050051072522982,700.0,64.32512768130746
2026-05-01 10:00:00,42.0,0.7180796731358529,501.0,59.95199182839632
2026-05-01 11:00:00,42.7,0.5372829417773238,370.0,56.1320735444331
2026-05-01 12:00:00,39.7,0.3432073544433095,208.0,48.28018386108274
2026-05-01 13:00:00,34.5,0.14300306435137897,64.0,38.07507660878447
2026-05-01 14:00:00,32.2,0.014300306435137897,2.0,32.55750766087845
2026-05-01 15:00:00,30.9,0.0,0.0,30.9
2026-05-01 16:00:00,30.0,0.0,0.0,30.0
2026-05-01 17:00:00,29.7,0.0,0.0,29.7
2026-05-01 18:00:00,30.0,0.0,0.0,30.0
2026-05-01 19:00:00,29.5,0.0,0.0,29.5
2026-05-01 20:00:00,29.3,0.0,0.0,29.3
2026-05-02 04:00:00,33.2,0.54341164453524,382.0,46.78529111338101
2026-05-02 05:00:00,35.5,0.7395301327885597,552.0,53.98825331971399
2026-05-02 06:00:00,37.5,0.8855975485188968,681.0,59.63993871297242
2026-05-02 07:00:00,39.4,0.9683350357507661,754.0,63.60837589376915
2026-05-02 08:00:00,41.1,0.9765066394279878,762.0,65.5126659856997
2026-05-02 09:00:00,41.9,0.8120531154239019,577.0,62.20132788559755
2026-05-02 10:00:00,43.5,0.6731358529111338,449.0,60.328396322778346
2026-05-02 11:00:00,42.2,0.5699693564862104,400.0,56.449233912155265
2026-05-02 12:00:00,38.4,0.3411644535240041,201.0,46.9291113381001
2026-05-02 13:00:00,34.8,0.1491317671092952,69.0,38.52829417773238
2026-05-02 14:00:00,32.5,0.015321756894790603,3.0,32.883043922369765
2026-05-02 15:00:00,30.8,0.0,0.0,30.8
2026-05-02 16:00:00,30.0,0.0,0.0,30.0
2026-05-02 17:00:00,29.6,0.0,0.0,29.6
2026-05-02 18:00:00,29.3,0.0,0.0,29.3
2026-05-02 19:00:00,29.6,0.0,0.0,29.6
2026-05-02 20:00:00,29.8,0.0,0.0,29.8
2026-05-03 04:00:00,32.7,0.5566905005107252,393.0,46.617262512768136
2026-05-03 05:00:00,34.9,0.7548518896833504,564.0,53.77129724208376
2026-05-03 06:00:00,36.6,0.8998978549540347,692.0,59.09744637385087
2026-05-03 07:00:00,38.5,0.9775280898876404,761.0,62.938202247191015
2026-05-03 08:00:00,40.0,0.982635342185904,766.0,64.5658835546476
2026-05-03 09:00:00,41.0,0.9090909090909091,701.0,63.72727272727273
2026-05-03 10:00:00,42.0,0.7763023493360572,587.0,61.40755873340143
2026-05-03 11:00:00,40.7,0.5893769152196119,423.0,55.4344228804903
2026-05-03 12:00:00,37.2,0.3350357507660878,200.0,45.5758937691522
2026-05-03 13:00:00,33.3,0.14504596527068436,66.0,36.926149131767104
2026-05-03 14:00:00,31.8,0.015321756894790603,3.0,32.18304392236976
2026-05-03 15:00:00,30.6,0.0,0.0,30.6
2026-05-03 16:00:00,30.2,0.0,0.0,30.2
2026-05-03 17:00:00,30.0,0.0,0.0,30.0
2026-05-03 18:00:00,29.9,0.0,0.0,29.9
2026-05-03 19:00:00,29.5,0.0,0.0,29.5
2026-05-03 20:00:00,29.1,0.0,0.0,29.1
2026-05-04 04:00:00,31.9,0.49540347293156284,302.0,44.28508682328907
2026-05-04 05:00:00,33.7,0.7007150153217568,486.0,51.217875383043925
2026-05-04 06:00:00,35.1,0.8600612870275791,636.0,56.60153217568948
2026-05-04 07:00:00,36.7,0.9489274770173647,730.0,60.42318692543412
2026-05-04 08:00:00,38.0,0.9591419816138917,743.0,61.978549540347295
2026-05-04 09:00:00,39.0,0.8968335035750766,689.0,61.420837589376916
2026-05-04 10:00:00,39.7,0.72829417773238,522.0,57.9073544433095
2026-05-04 11:00:00,39.8,0.526046986721144,339.0,52.9511746680286
2026-05-04 12:00:00,37.2,0.29213483146067415,157.0,44.503370786516854
2026-05-04 13:00:00,35.2,0.11542390194075587,44.0,38.0855975485189
2026-05-04 14:00:00,33.0,0.013278855975485188,2.0,33.33197139938713
2026-05-04 15:00:00,30.4,0.0,0.0,30.4
2026-05-04 16:00:00,29.9,0.0,0.0,29.9
2026-05-04 17:00:00,29.3,0.0,0.0,29.3
2026-05-04 18:00:00,29.0,0.0,0.0,29.0
2026-05-04 19:00:00,28.8,0.0,0.0,28.8
2026-05-04 20:00:00,28.6,0.0,0.0,28.6
2026-05-05 04:00:00,31.8,0.5413687436159347,378.0,45.334218590398365
2026-05-05 05:00:00,33.8,0.7385086823289071,548.0,52.26271705822268
2026-05-05 06:00:00,34.8,0.8835546475995915,677.0,56.888866189989784
2026-05-05 07:00:00,36.2,0.9397344228804902,695.0,59.69336057201226
2026-05-05 08:00:00,37.2,0.8978549540347294,656.0,59.64637385086824
2026-05-05 09:00:00,38.5,0.8549540347293156,621.0,59.87385086823289
2026-05-05 10:00:00,39.2,0.6659856996935649,456.0,55.84964249233913
2026-05-05 11:00:00,39.3,0.4811031664964249,297.0,51.32757916241062
2026-05-05 12:00:00,39.0,0.33605720122574056,203.0,47.40143003064351
2026-05-05 13:00:00,38.0,0.15321756894790603,70.0,41.83043922369765
2026-05-05 14:00:00,36.2,0.01634320735444331,3.0,36.608580183861086
2026-05-05 15:00:00,34.8,0.0,0.0,34.8
2026-05-05 16:00:00,31.8,0.0,0.0,31.8
2026-05-05 17:00:00,30.0,0.0,0.0,30.0
2026-05-05 18:00:00,29.0,0.0,0.0,29.0
2026-05-05 19:00:00,28.0,0.0,0.0,28.0
2026-05-05 20:00:00,27.6,0.0,0.0,27.6
2026-05-06 04:00:00,32.5,0.526046986721144,350.0,45.6511746680286
2026-05-06 05:00:00,35.0,0.7262512768130746,529.0,53.15628192032686
2026-05-06 06:00:00,36.6,0.8723186925434117,663.0,58.40796731358529
2026-05-06 07:00:00,38.3,0.8998978549540347,659.0,60.79744637385086
2026-05-06 08:00:00,39.5,0.9029622063329928,661.0,62.074055158324825
2026-05-06 09:00:00,39.0,0.6486210418794689,404.0,55.215526046986724
2026-05-06 10:00:00,39.2,0.6537282941777324,415.0,55.54320735444331
2026-05-06 11:00:00,39.2,0.4576098059244127,275.0,50.640245148110324
2026-05-06 12:00:00,39.5,0.34831460674157305,213.0,48.20786516853933
2026-05-06 13:00:00,38.5,0.1470888661899898,65.0,42.177221654749744
2026-05-06 14:00:00,36.9,0.015321756894790603,3.0,37.283043922369764
2026-05-06 15:00:00,35.2,0.0,0.0,35.2
2026-05-06 16:00:00,34.3,0.0,0.0,34.3
2026-05-06 17:00:00,33.2,0.0,0.0,33.2
2026-05-06 18:00:00,32.8,0.0,0.0,32.8
2026-05-06 19:00:00,31.6,0.0,0.0,31.6
2026-05-06 20:00:00,30.5,0.0,0.0,30.5
2026-05-07 04:00:00,34.2,0.5464759959141982,382.0,47.861899897854954
2026-05-07 05:00:00,36.8,0.7395301327885597,549.0,55.28825331971399
2026-05-07 06:00:00,38.7,0.8825331971399387,674.0,60.76332992849847
2026-05-07 07:00:00,40.5,0.9376915219611849,694.0,63.94228804902962
2026-05-07 08:00:00,41.3,0.947906026557712,697.0,64.99765066394279
2026-05-07 09:00:00,41.5,0.8672114402451481,641.0,63.1802860061287
2026-05-07 10:00:00,41.8,0.780388151174668,582.0,61.3097037793667
2026-05-07 11:00:00,41.8,0.5955056179775281,422.0,56.6876404494382
2026-05-07 12:00:00,41.2,0.3769152196118488,240.0,50.622880490296225
2026-05-07 13:00:00,40.4,0.16138917262512767,76.0,44.43472931562819
2026-05-07 14:00:00,37.9,0.017364657814096015,3.0,38.3341164453524
2026-05-07 15:00:00,37.0,0.0,0.0,37.0
2026-05-07 16:00:00,35.6,0.0,0.0,35.6
2026-05-07 17:00:00,33.2,0.0,0.0,33.2
2026-05-07 18:00:00,32.5,0.0,0.0,32.5
2026-05-07 19:00:00,32.5,0.0,0.0,32.5
2026-05-07 20:00:00,32.0,0.0,0.0,32.0
2026-05-08 04:00:00,34.8,0.5638406537282942,396.0,48.89601634320735
2026-05-08 05:00:00,37.2,0.7609805924412666,565.0,56.22451481103167
2026-05-08 06:00:00,38.8,0.9050051072522982,693.0,61.42512768130745
2026-05-08 07:00:00,40.7,0.9805924412665986,760.0,65.21481103166496
2026-05-08 08:00:00,41.8,0.9877425944841676,766.0,66.4935648621042
2026-05-08 09:00:00,42.3,0.9223697650663942,709.0,65.35924412665986
2026-05-08 10:00:00,42.3,0.7906026557711952,592.0,62.065066394279874
2026-05-08 11:00:00,42.1,0.6036772216547498,430.0,57.19193054136875
2026-05-08 12:00:00,41.6,0.38202247191011235,244.0,51.15056179775281
2026-05-08 13:00:00,40.3,0.1644535240040858,78.0,44.41133810010214
2026-05-08 14:00:00,38.4,0.018386108273748723,3.0,38.85965270684372
2026-05-08 15:00:00,37.8,0.0,0.0,37.8
2026-05-08 16:00:00,36.2,0.0,0.0,36.2
2026-05-08 17:00:00,34.6,0.0,0.0,34.6
2026-05-08 18:00:00,33.5,0.0,0.0,33.5
2026-05-08 19:00:00,32.8,0.0,0.0,32.8
2026-05-08 20:00:00,32.0,0.0,0.0,32.0
2026-05-09 04:00:00,34.9,0.5587334014300307,390.0,48.86833503575077
2026-05-09 05:00:00,37.5,0.7517875383043923,557.0,56.29468845760981
2026-05-09 06:00:00,39.8,0.8947906026557712,683.0,62.16976506639428
2026-05-09 07:00:00,41.6,0.9744637385086823,753.0,65.96159346271706
2026-05-09 08:00:00,42.5,0.916241062308478,675.0,65.40602655771195
2026-05-09 09:00:00,43.0,0.8764044943820225,651.0,64.91011235955057
2026-05-09 10:00:00,43.2,0.7885597548518897,591.0,62.913993871297244
2026-05-09 11:00:00,42.8,0.5975485188968335,423.0,57.738712972420835
2026-05-09 12:00:00,42.3,0.36772216547497444,229.0,51.493054136874356
2026-05-09 13:00:00,41.1,0.16241062308478038,76.0,45.16026557711951
2026-05-09 14:00:00,39.5,0.018386108273748723,3.0,39.95965270684372
2026-05-09 15:00:00,38.8,0.0,0.0,38.8
2026-05-09 16:00:00,37.6,0.0,0.0,37.6
2026-05-09 17:00:00,35.7,0.0,0.0,35.7
2026-05-09 18:00:00,34.7,0.0,0.0,34.7
2026-05-09 19:00:00,33.7,0.0,0.0,33.7
2026-05-09 20:00:00,33.0,0.0,0.0,33.0
2026-05-10 04:00:00,34.0,0.5495403472931563,382.0,47.738508682328906
2026-05-10 05:00:00,36.5,0.7425944841675178,549.0,55.064862104187945
2026-05-10 06:00:00,38.4,0.8876404494382022,675.0,60.59101123595505
2026-05-10 07:00:00,40.7,0.9683350357507661,747.0,64.90837589376915
2026-05-10 08:00:00,42.2,0.9775280898876404,756.0,66.63820224719102
2026-05-10 09:00:00,43.2,0.9111338100102145,696.0,65.97834525025536
2026-05-10 10:00:00,43.5,0.6996935648621042,495.0,60.992339121552604
2026-05-10 11:00:00,43.6,0.5760980592441267,392.0,58.002451481103165
2026-05-10 12:00:00,42.7,0.372829417773238,235.0,52.02073544433095
2026-05-10 13:00:00,41.5,0.16241062308478038,76.0,45.56026557711951
2026-05-10 14:00:00,39.3,0.018386108273748723,3.0,39.75965270684372
2026-05-10 15:00:00,37.8,0.0,0.0,37.8
2026-05-10 16:00:00,37.5,0.0,0.0,37.5
2026-05-10 17:00:00,36.6,0.0,0.0,36.6
2026-05-10 18:00:00,35.9,0.0,0.0,35.9
2026-05-10 19:00:00,35.0,0.0,0.0,35.0
2026-05-10 20:00:00,34.1,0.0,0.0,34.1
2026-05-11 04:00:00,35.8,0.5526046986721144,385.0,49.61511746680286
2026-05-11 05:00:00,38.2,0.7446373850868233,550.0,56.815934627170584
2026-05-11 06:00:00,40.4,0.8866189989785496,674.0,62.56547497446374
2026-05-11 07:00:00,42.4,0.9642492339121552,743.0,66.50623084780388
2026-05-11 08:00:00,43.7,0.9775280898876404,756.0,68.13820224719102
2026-05-11 09:00:00,44.5,0.8958120531154239,673.0,66.89530132788559
2026-05-11 10:00:00,44.8,0.7589376915219612,554.0,63.773442288049026
2026-05-11 11:00:00,44.9,0.5842696629213483,407.0,59.50674157303371
2026-05-11 12:00:00,43.9,0.35444330949948927,211.0,52.76108273748723
2026-05-11 13:00:00,42.8,0.16138917262512767,75.0,46.83472931562819
2026-05-11 14:00:00,40.0,0.01940755873340143,4.0,40.48518896833504
2026-05-11 15:00:00,38.5,0.0,0.0,38.5
2026-05-11 16:00:00,38.2,0.0,0.0,38.2
2026-05-11 17:00:00,38.2,0.0,0.0,38.2
2026-05-11 18:00:00,36.8,0.0,0.0,36.8
2026-05-11 19:00:00,34.6,0.0,0.0,34.6
2026-05-11 20:00:00,33.5,0.0,0.0,33.5
2026-05-12 04:00:00,35.5,0.5495403472931563,382.0,49.238508682328906
2026-05-12 05:00:00,38.1,0.7415730337078652,547.0,56.639325842696636
2026-05-12 06:00:00,40.5,0.8845760980592441,672.0,62.6144024514811
2026-05-12 07:00:00,42.3,0.9642492339121552,742.0,66.40623084780388
2026-05-12 08:00:00,43.7,0.9713993871297242,750.0,67.98498467824311
2026-05-12 09:00:00,44.2,0.9090909090909091,694.0,66.92727272727274
2026-05-12 10:00:00,44.4,0.7824310520939735,585.0,63.96077630234933
2026-05-12 11:00:00,44.1,0.5955056179775281,422.0,58.9876404494382
2026-05-12 12:00:00,43.5,0.3769152196118488,239.0,52.92288049029622
2026-05-12 13:00:00,42.7,0.16138917262512767,76.0,46.73472931562819
2026-05-12 14:00:00,40.5,0.01940755873340143,4.0,40.98518896833504
2026-05-12 15:00:00,40.0,0.0,0.0,40.0
2026-05-12 16:00:00,39.5,0.0,0.0,39.5
2026-05-12 17:00:00,36.7,0.0,0.0,36.7
2026-05-12 18:00:00,35.1,0.0,0.0,35.1
2026-05-12 19:00:00,34.5,0.0,0.0,34.5
2026-05-12 20:00:00,33.4,0.0,0.0,33.4
