IRRADIATION,MODULE_TEMPERATURE,AMBIENT_TEMPERATURE,HOUR,MONTH,DAY_OF_YEAR,HOUR_SIN,HOUR_COS,ACTUAL_AC_POWER,PREDICTED_AC_POWER,ERROR
0.0,22.8575074,25.184316133333333,0,5,136,0.0,1.0,0.0,15.030301,-15.030301094055176
0.0,24.060296533333336,24.93773193333333,3,5,136,0.7071067811865476,0.7071067811865476,0.0,15.030301,-15.030301094055176
0.0,21.78364253333333,24.3519308,4,5,136,0.8660254037844386,0.5000000000000001,0.0,24.433681,-24.43368148803711
0.0,23.452380466666668,24.328727266666665,5,5,136,0.9659258262890683,0.25881904510252074,0.0,24.433681,-24.43368148803711
0.0222816074666666,22.35345866666667,24.01163526666667,6,5,136,1.0,6.123233995736766e-17,145.26011905000001,136.6678,8.592318146679702
0.1547126757142856,28.888477857142853,24.8159595,7,5,136,0.9659258262890683,-0.25881904510252063,990.1464286,925.5581,64.58832313125004
0.1487991533333333,29.6056438,24.988789866666668,7,5,136,0.9659258262890683,-0.25881904510252063,1345.9392857,1209.2401,136.69917339531253
0.1447934189333333,29.547110933333336,25.21618033333333,7,5,136,0.9659258262890683,-0.25881904510252063,1205.1910714,1194.365,10.826081165625055
0.2016386213333333,31.412544733333327,25.41951306666667,8,5,136,0.8660254037844387,-0.4999999999999998,1731.8017857,1312.2748,419.5270054265625
0.3619616539999999,44.048325600000005,28.854707866666665,10,5,136,0.49999999999999994,-0.8660254037844387,1643.4125000000001,1557.2693,86.14321289062514
0.6365608813333332,47.68545339999999,29.410819333333336,11,5,136,0.258819045102521,-0.9659258262890682,5571.6089277,5059.7646,511.8442792625001
0.5857872135714286,50.006988571428565,30.21606228571428,11,5,136,0.258819045102521,-0.9659258262890682,1968.8125,2824.8584,-856.0458984375
0.5149625866666667,49.183583533333326,31.305375066666663,12,5,136,1.2246467991473532e-16,-1.0,4210.5375,3951.2642,259.27333984375036
0.761243312,50.631239933333326,32.39142040000001,12,5,136,1.2246467991473532e-16,-1.0,2967.7410719,2925.9656,41.77549572812495
0.4160351014285714,49.610767714285714,32.622796071428574,13,5,136,-0.2588190451025208,-0.9659258262890683,1682.5285714,2053.1335,-370.6049735218751
0.7350834633333333,49.80390433333333,33.763185400000005,14,5,136,-0.4999999999999997,-0.8660254037844388,4992.567857,4995.562,-2.9941547187499964
0.3462306933333333,43.9206158,34.430942666666674,15,5,136,-0.7071067811865471,-0.7071067811865479,1994.1178571,1989.1545,4.9633160843750375
0.260346758,39.419075933333325,33.86159653333333,16,5,136,-0.8660254037844385,-0.5000000000000004,349.5285714,782.97943,-433.4508597523438
0.1738986373333333,35.852207400000005,33.30025473333334,17,5,136,-0.9659258262890683,-0.25881904510252063,1335.1946429,1048.7163,286.47833430624996
0.08716189,34.3384004,33.03212220000001,17,5,136,-0.9659258262890683,-0.25881904510252063,586.1166667,569.3922,16.724454785937496
0.00914994484,28.6825074,29.243110933333337,18,5,136,-1.0,-1.8369701987210297e-16,55.907142854,60.682568,-4.775424742435547
0.0,25.38531306666667,27.455975400000003,19,5,136,-0.9659258262890684,0.2588190451025203,0.0,18.594141,-18.594141006469727
0.0,20.29072571428572,22.66317964285714,20,5,136,-0.8660254037844386,0.5000000000000001,0.0,18.010653,-18.010652542114258
0.0,20.914416666666668,22.236828466666665,21,5,136,-0.7071067811865477,0.7071067811865474,0.0,18.010653,-18.010652542114258
0.0,20.895703928571425,22.22185842857143,22,5,136,-0.5000000000000004,0.8660254037844384,0.0,18.010653,-18.010652542114258
0.0,20.072144,21.68216,2,5,137,0.49999999999999994,0.8660254037844387,0.0,9.968311,-9.968311309814453
0.0,20.712640333333333,21.89991073333333,4,5,137,0.8660254037844386,0.5000000000000001,0.0,19.371693,-19.371692657470703
0.0001471694642,20.5434348,21.959989266666664,5,5,137,0.9659258262890683,0.25881904510252074,0.0,19.371693,-19.371692657470703
0.0495149681333333,21.195638,21.985833666666664,6,5,137,1.0,6.123233995736766e-17,478.45,306.0917,172.35829467773436
0.4700814853333333,38.892010733333336,25.757175666666665,8,5,137,0.8660254037844387,-0.4999999999999998,2561.1553572000003,2441.6213,119.53401930937525
0.5405936786666665,41.825665333333326,27.030969466666665,9,5,137,0.7071067811865476,-0.7071067811865475,3709.4196429,2995.3833,714.0363421187499
0.5404251285714285,48.67528185714285,30.376898714285712,12,5,137,1.2246467991473532e-16,-1.0,4241.1607143,4007.392,233.7686244562501
0.76711941,50.44957046666666,30.8864686,12,5,137,1.2246467991473532e-16,-1.0,2801.4142859000003,3096.857,-295.4426476937497
0.5838647386666667,49.747872,31.617256666666663,13,5,137,-0.2588190451025208,-0.9659258262890683,5895.0053571,4723.749,1171.2563336624999
0.435684946,46.57489593333333,31.42362873333333,14,5,137,-0.4999999999999997,-0.8660254037844388,3788.0285713,3878.1492,-90.12059862187516
0.5149644066666667,46.20359726666666,32.3501976,14,5,137,-0.4999999999999997,-0.8660254037844388,2756.7482142,3606.1555,-849.4073033781251
0.2276812526666666,37.712012,32.029101733333334,16,5,137,-0.8660254037844385,-0.5000000000000004,984.75,1035.2323,-50.4822998046875
0.150128168,34.781236066666665,31.88745533333333,16,5,137,-0.8660254037844385,-0.5000000000000004,652.1910714,961.1796,-308.9885550648437
0.0,25.1996236,27.9578898,19,5,137,-0.9659258262890684,0.2588190451025203,0.0,17.625586,-17.625585556030273
0.0,24.079714066666664,26.701993733333328,20,5,137,-0.8660254037844386,0.5000000000000001,0.0,13.53215,-13.532150268554688
0.0,22.952588,25.61655473333333,21,5,137,-0.7071067811865477,0.7071067811865474,0.0,12.948663,-12.948662757873535
0.0,22.2860412,25.0534728,22,5,137,-0.5000000000000004,0.8660254037844384,0.0,12.948663,-12.948662757873535
0.0,22.0829142,24.8400106,22,5,137,-0.5000000000000004,0.8660254037844384,0.0,12.948663,-12.948662757873535
0.0,21.97715853333333,24.612066533333333,22,5,137,-0.5000000000000004,0.8660254037844384,0.0,12.948663,-12.948662757873535
0.0,22.052697285714284,24.492980857142857,22,5,137,-0.5000000000000004,0.8660254037844384,0.0,12.948663,-12.948662757873535
0.0,22.18635246666667,24.461625066666663,23,5,137,-0.25881904510252157,0.9659258262890681,0.0,12.948663,-12.948662757873535
0.0,22.2029236,24.39256806666667,23,5,137,-0.25881904510252157,0.9659258262890681,0.0,12.948663,-12.948662757873535
0.0,21.48822633333333,23.8949484,0,5,138,0.0,1.0,0.0,12.772559,-12.77255916595459
0.0,21.515644642857144,23.936809,0,5,138,0.0,1.0,0.0,12.772559,-12.77255916595459
0.0,21.646289066666665,23.726536066666668,1,5,138,0.25881904510252074,0.9659258262890683,0.0,12.772559,-12.77255916595459
0.0,21.255172642857147,23.265284928571425,2,5,138,0.49999999999999994,0.8660254037844387,0.0,12.772559,-12.77255916595459
0.0,21.4639018,23.213891600000004,3,5,138,0.7071067811865476,0.7071067811865476,0.0,12.772559,-12.77255916595459
0.0,20.8091066,22.941931,3,5,138,0.7071067811865476,0.7071067811865476,0.0,12.772559,-12.77255916595459
0.0,21.070228933333333,22.549147400000003,5,5,138,0.9659258262890683,0.25881904510252074,0.0,12.772559,-12.77255916595459
0.0679046076,22.59763193333333,22.94856573333333,6,5,138,1.0,6.123233995736766e-17,270.7875,372.26584,-101.47833862304685
0.2219224921428571,27.4991695,23.908458142857143,7,5,138,0.9659258262890683,-0.25881904510252063,1099.7517858,1270.2333,-170.4814905671874
0.3835502693333333,37.81797673333334,25.646803733333336,8,5,138,0.8660254037844387,-0.4999999999999998,3000.3696429,2576.5974,423.77223079062514
0.4417064292857143,45.11740971428571,27.985940285714285,9,5,138,0.7071067811865476,-0.7071067811865475,1368.6714285,1718.2686,-349.59712618749995
0.635450962,56.101076266666674,32.495967666666665,12,5,138,1.2246467991473532e-16,-1.0,653.2428571,1833.4377,-1180.194887040625
0.4224988753333333,53.80755813333333,33.88692626666666,13,5,138,-0.2588190451025208,-0.9659258262890683,1717.1696428,1294.5675,422.6021379171875
0.3150899026666667,44.905969266666666,34.02411533333334,14,5,138,-0.4999999999999997,-0.8660254037844388,2068.7339285,2007.3247,61.40922146874982
0.6598271179999999,47.63582766666666,34.147082733333335,14,5,138,-0.4999999999999997,-0.8660254037844388,4621.4875,4423.6133,197.87421875000018
0.3384331157142856,39.526938357142846,31.03193885714285,16,5,138,-0.8660254037844385,-0.5000000000000004,2369.1952382,2155.9114,213.28386124687495
0.0945128417142857,29.47836742857143,27.601739071428568,17,5,138,-0.9659258262890683,-0.25881904510252063,531.9285715,502.3717,29.556867398437475
0.0103677880266666,25.373767200000003,26.136122600000004,18,5,138,-1.0,-1.8369701987210297e-16,38.18035714,21.514488,16.665868919785154
0.0,24.617095866666663,25.99661440000001,18,5,138,-1.0,-1.8369701987210297e-16,0.0,12.999801,-12.999800682067871
0.0,24.0412028,25.8602378,19,5,138,-0.9659258262890684,0.2588190451025203,0.0,12.999801,-12.999800682067871
0.0,23.789335066666663,25.29024046666667,20,5,138,-0.8660254037844386,0.5000000000000001,0.0,12.772559,-12.77255916595459
0.0,21.093290266666667,22.50401006666667,21,5,138,-0.7071067811865477,0.7071067811865474,0.0,12.772559,-12.77255916595459
0.0,20.511558,21.260813466666665,22,5,138,-0.5000000000000004,0.8660254037844384,0.0,12.772559,-12.77255916595459
0.0,20.531305,21.14206753333333,0,5,139,0.0,1.0,0.0,12.772559,-12.77255916595459
0.0,20.38562406666667,20.989664666666663,1,5,139,0.25881904510252074,0.9659258262890683,0.0,12.772559,-12.77255916595459
0.0,20.346830266666668,21.25834353333333,3,5,139,0.7071067811865476,0.7071067811865476,0.0,12.772559,-12.77255916595459
0.0,21.00739133333333,21.370375666666664,3,5,139,0.7071067811865476,0.7071067811865476,0.0,12.772559,-12.77255916595459
0.0,19.47753106666667,20.961525466666664,4,5,139,0.8660254037844386,0.5000000000000001,0.0,12.772559,-12.77255916595459
0.0,20.065865,21.127661266666664,5,5,139,0.9659258262890683,0.25881904510252074,0.0,12.772559,-12.77255916595459
0.0,20.01042266666667,21.194393066666667,5,5,139,0.9659258262890683,0.25881904510252074,0.0,12.772559,-12.77255916595459
0.0829558039333333,26.9630168,23.232289466666664,8,5,139,0.8660254037844387,-0.4999999999999998,369.0089286,404.3875,-35.37858360703126
0.1154349828,27.86075853333333,23.7412598,9,5,139,0.7071067811865476,-0.7071067811865475,525.2875,503.9334,21.354089355468773
0.1104082978666666,27.507177666666667,23.763322,9,5,139,0.7071067811865476,-0.7071067811865475,341.8392857,449.60565,-107.76636615546875
0.1422467350666666,27.240083733333336,23.838385,10,5,139,0.49999999999999994,-0.8660254037844387,1080.5892857,1037.5574,43.03191265312489
0.4349046853333333,37.53728039999999,24.86980793333333,11,5,139,0.258819045102521,-0.9659258262890682,4437.7160715,3887.8027,549.913337125
0.4847505873333333,39.552423133333335,25.1295838,11,5,139,0.258819045102521,-0.9659258262890682,4180.2107142,3457.29,722.9206751375004
0.4148831933333333,37.6112162,25.215167266666665,11,5,139,0.258819045102521,-0.9659258262890682,1217.2767857,2293.634,-1076.357247503125
0.5623129906666666,41.3690166,25.70663053333333,12,5,139,1.2246467991473532e-16,-1.0,1587.9767857,2558.1753,-970.1985072687501
0.8068469279999999,49.5876018,27.371873,13,5,139,-0.2588190451025208,-0.9659258262890683,5568.783929,5286.978,281.80590165625017
0.97148052,52.84501126666667,27.86127913333333,13,5,139,-0.2588190451025208,-0.9659258262890683,5072.957143,4929.23,143.72716253124963
0.2568065713333334,34.6317082,27.230830933333333,16,5,139,-0.8660254037844385,-0.5000000000000004,728.5125,931.1149,-202.6024291992187
0.1109690122,29.21453033333333,26.434037266666667,17,5,139,-0.9659258262890683,-0.25881904510252063,491.43035710000004,515.02826,-23.597902177343713
0.0,23.097552533333328,24.498402866666662,19,5,139,-0.9659258262890684,0.2588190451025203,0.0,12.772559,-12.77255916595459
0.0,21.563179466666668,23.72655033333333,21,5,139,-0.7071067811865477,0.7071067811865474,0.0,12.772559,-12.77255916595459
0.0,20.759881142857136,22.913321142857136,22,5,139,-0.5000000000000004,0.8660254037844384,0.0,12.772559,-12.77255916595459
0.0,20.72792366666667,22.8157798,22,5,139,-0.5000000000000004,0.8660254037844384,0.0,12.772559,-12.77255916595459
0.0,21.085955733333336,22.8566712,23,5,139,-0.25881904510252157,0.9659258262890681,0.0,12.772559,-12.77255916595459
0.0,20.812300666666665,23.0468344,3,5,140,0.7071067811865476,0.7071067811865476,0.0,12.772559,-12.77255916595459
0.0,21.251873733333333,23.351676466666664,5,5,140,0.9659258262890683,0.25881904510252074,0.0,12.772559,-12.77255916595459
0.1875066193333333,27.033671066666663,24.505352933333327,7,5,140,0.9659258262890683,-0.25881904510252063,526.8875,740.8939,-214.00642089843745
0.2735150473333333,34.815734666666664,25.79166053333333,8,5,140,0.8660254037844387,-0.4999999999999998,815.9125,1179.8982,-363.985693359375
0.4241181026666666,39.636977133333325,26.495521866666664,9,5,140,0.7071067811865476,-0.7071067811865475,1880.7678571000001,2299.3975,-418.6296038374999
0.6465474886666664,45.7407144,27.322759933333337,9,5,140,0.7071067811865476,-0.7071067811865475,2455.0142857,2957.0679,-502.0535853937499
0.5924935807142857,43.051186571428566,27.712921,10,5,140,0.49999999999999994,-0.8660254037844387,6844.6339285,5964.897,879.7369558437504
0.601559176,43.86323240000001,27.81567373333333,10,5,140,0.49999999999999994,-0.8660254037844387,7459.0125,6031.6284,1427.3840820312498
0.73832813,49.07784,29.644663666666663,12,5,140,1.2246467991473532e-16,-1.0,5001.1,5376.079,-374.97910156249964
0.5473548466666667,49.460659,29.9082072,13,5,140,-0.2588190451025208,-0.9659258262890683,748.6125,2325.1245,-1576.51201171875
0.5274703919999999,46.65866706666667,30.22064013333333,15,5,140,-0.7071067811865471,-0.7071067811865479,3551.0125,3423.8416,127.17094726562482
0.4500676046666667,40.8995442,29.785141866666667,15,5,140,-0.7071067811865471,-0.7071067811865479,1898.1125,2608.3494,-710.236865234375
0.3798659046666666,40.82955953333333,29.76168613333333,15,5,140,-0.7071067811865471,-0.7071067811865479,2132.7,2074.5464,58.15361328124982
0.3286678413333333,39.18270073333333,29.6577312,16,5,140,-0.8660254037844385,-0.5000000000000004,1826.625,1797.2189,29.4061279296875
0.1892608939999999,34.4538818,29.096531133333336,17,5,140,-0.9659258262890683,-0.25881904510252063,1302.3375,1194.5847,107.75278320312509
0.1278067490666667,31.82115473333333,28.59915553333333,17,5,140,-0.9659258262890683,-0.25881904510252063,534.8857143,590.7368,-55.85110210624998
0.0015752938426666,25.426198266666667,25.0463766,18,5,140,-1.0,-1.8369701987210297e-16,0.0,14.041098,-14.041097640991211
0.0003286336506666,22.072212666666665,23.2004924,18,5,140,-1.0,-1.8369701987210297e-16,0.0,12.772559,-12.77255916595459
0.0,20.333485733333337,22.490025066666668,19,5,140,-0.9659258262890684,0.2588190451025203,0.0,12.772559,-12.77255916595459
0.0,20.06214393333333,22.388783866666664,20,5,140,-0.8660254037844386,0.5000000000000001,0.0,12.772559,-12.77255916595459
0.0,21.24833566666667,23.8231872,21,5,140,-0.7071067811865477,0.7071067811865474,0.0,12.772559,-12.77255916595459
0.0,21.31796673333333,23.560729933333327,22,5,140,-0.5000000000000004,0.8660254037844384,0.0,12.772559,-12.77255916595459
0.0,20.368068142857144,22.91665021428572,23,5,140,-0.25881904510252157,0.9659258262890681,0.0,12.772559,-12.77255916595459
0.0,20.21119186666667,22.217138666666667,0,5,141,0.0,1.0,0.0,12.772559,-12.77255916595459
0.0,19.998057785714288,22.181749642857145,1,5,141,0.25881904510252074,0.9659258262890683,0.0,12.772559,-12.77255916595459
0.0,19.7206116,22.11587533333333,1,5,141,0.25881904510252074,0.9659258262890683,0.0,12.772559,-12.77255916595459
0.0,19.330312066666668,21.921218,3,5,141,0.7071067811865476,0.7071067811865476,0.0,12.772559,-12.77255916595459
0.0,19.45787921428571,22.009416857142856,3,5,141,0.7071067811865476,0.7071067811865476,0.0,12.772559,-12.77255916595459
0.0,19.3471294,22.078857466666665,4,5,141,0.8660254037844386,0.5000000000000001,0.0,12.772559,-12.77255916595459
0.0,19.168965533333328,21.985909,5,5,141,0.9659258262890683,0.25881904510252074,0.0,12.772559,-12.77255916595459
0.1989128933333333,23.896433466666668,22.93633213333333,7,5,141,0.9659258262890683,-0.25881904510252063,1503.4517857,1480.544,22.907840387500073
0.5104697813333334,40.39654946666667,26.212556866666667,8,5,141,0.8660254037844387,-0.4999999999999998,1983.5357143,2090.8784,-107.34270366874989
0.7516814453333333,48.34034806666667,28.077587800000003,10,5,141,0.49999999999999994,-0.8660254037844387,5963.939286,4707.132,1256.8074500624998
0.8096695786666664,49.19147753333333,28.2830628,10,5,141,0.49999999999999994,-0.8660254037844387,2164.7625,3772.0725,-1607.3100097656252
0.9000696606666667,53.64847206666667,29.735261933333334,11,5,141,0.258819045102521,-0.9659258262890682,4700.014285,3762.6953,937.3189725000002
0.0,23.7664206,26.32090453333333,19,5,141,-0.9659258262890684,0.2588190451025203,0.0,12.999801,-12.999800682067871
0.0,23.3778504,26.058491933333336,19,5,141,-0.9659258262890684,0.2588190451025203,0.0,12.999801,-12.999800682067871
0.0,22.43654993333333,25.282519466666667,20,5,141,-0.8660254037844386,0.5000000000000001,0.0,12.772559,-12.77255916595459
0.0,22.009299599999995,24.820863733333333,21,5,141,-0.7071067811865477,0.7071067811865474,0.0,12.772559,-12.77255916595459
0.0,21.520674666666668,24.3762818,22,5,141,-0.5000000000000004,0.8660254037844384,0.0,12.772559,-12.77255916595459
0.6302828366666666,45.974644000000005,26.186218200000003,9,5,142,0.7071067811865476,-0.7071067811865475,3244.4410714,3090.3086,154.13247765000006
0.6764482221428572,48.745747214285714,26.82428842857143,9,5,142,0.7071067811865476,-0.7071067811865475,3443.9857143,3394.9753,49.01037250312493
0.7722379753333333,51.029305,27.690804,9,5,142,0.7071067811865476,-0.7071067811865475,2056.485714,2256.4788,-199.99304576562508
0.754716712,51.79728806666666,28.85416453333333,10,5,142,0.49999999999999994,-0.8660254037844387,2021.2375,2655.545,-634.307421875
1.033489496666667,61.4558144,30.12836306666667,11,5,142,0.258819045102521,-0.9659258262890682,4807.628571,5174.632,-367.0032649374998
0.8877618960000001,60.050757,30.494291133333338,11,5,142,0.258819045102521,-0.9659258262890682,8411.307143,5012.039,3399.2680805
0.8879575373333333,58.6477848,30.804624466666667,12,5,142,1.2246467991473532e-16,-1.0,3309.539286,3780.7278,-471.1884972031248
0.5801343633333333,50.88379926666666,30.550409,12,5,142,1.2246467991473532e-16,-1.0,1384.4142857000002,2001.0446,-616.6302699640623
0.7764669535714287,57.42826607142857,31.723678357142852,13,5,142,-0.2588190451025208,-0.9659258262890683,3165.6178569,4078.607,-912.9890766937501
0.7409205246666666,52.991542466666665,32.33336766666667,15,5,142,-0.7071067811865471,-0.7071067811865479,6557.3232142,5216.308,1341.0151087312497
0.3742929606666666,45.14951980000001,32.14568913333334,15,5,142,-0.7071067811865471,-0.7071067811865479,2613.8107142,2716.0342,-102.2234654875001
0.273557416,40.34497666666666,31.600370266666665,16,5,142,-0.8660254037844385,-0.5000000000000004,1965.6410714,1720.1553,245.4857979625001
0.0,24.62852907142857,26.84853057142857,19,5,142,-0.9659258262890684,0.2588190451025203,0.0,13.356048,-13.356047630310059
0.0,23.832366933333336,26.023022466666667,19,5,142,-0.9659258262890684,0.2588190451025203,0.0,12.999801,-12.999800682067871
0.0,23.286395266666663,25.5864014,20,5,142,-0.8660254037844386,0.5000000000000001,0.0,12.772559,-12.77255916595459
0.0,23.092466200000004,25.35796506666667,20,5,142,-0.8660254037844386,0.5000000000000001,0.0,12.772559,-12.77255916595459
0.0,22.620530266666663,24.8719178,20,5,142,-0.8660254037844386,0.5000000000000001,0.0,12.772559,-12.77255916595459
0.0,22.335959933333328,24.680324266666663,21,5,142,-0.7071067811865477,0.7071067811865474,0.0,12.772559,-12.77255916595459
0.0,22.03935133333333,24.36970013333333,21,5,142,-0.7071067811865477,0.7071067811865474,0.0,12.772559,-12.77255916595459
0.0,21.3030558,23.978326266666667,23,5,142,-0.25881904510252157,0.9659258262890681,0.0,12.772559,-12.77255916595459
0.0,21.196879785714284,23.922380642857146,23,5,142,-0.25881904510252157,0.9659258262890681,0.0,12.772559,-12.77255916595459
0.0,21.126922666666665,23.8922364,23,5,142,-0.25881904510252157,0.9659258262890681,0.0,12.772559,-12.77255916595459
0.0,22.2411336,23.4903992,1,5,143,0.25881904510252074,0.9659258262890683,0.0,12.772559,-12.77255916595459
0.1108917472,24.7448954,23.4338724,7,5,143,0.9659258262890683,-0.25881904510252063,304.2125,399.2597,-95.04720458984377
0.5426874133333333,42.06701466666666,27.585662733333333,10,5,143,0.49999999999999994,-0.8660254037844387,2039.6142857,2989.1108,-949.49655414375
0.7605472914285714,54.65764728571429,31.882248142857144,14,5,143,-0.4999999999999997,-0.8660254037844388,2904.875,4071.4321,-1166.55712890625
0.3465496533333333,43.588924266666666,32.31323666666667,15,5,143,-0.7071067811865471,-0.7071067811865479,2971.4321429,2844.2458,127.18629329062514
0.223404308,39.07873533333333,31.29693813333333,16,5,143,-0.8660254037844385,-0.5000000000000004,1883.4553572,1636.2184,247.23697341093748
0.1562854073333333,34.96258519999999,30.2077474,16,5,143,-0.8660254037844385,-0.5000000000000004,1751.4107143,1442.6143,308.7964564875001
0.0369035885714285,29.096067142857144,28.82632671428572,17,5,143,-0.9659258262890683,-0.25881904510252063,144.5875,227.28168,-82.69417724609374
0.0,25.7008974,27.355753666666665,19,5,143,-0.9659258262890684,0.2588190451025203,0.0,13.356048,-13.356047630310059
0.0,25.36680293333333,26.941038066666668,19,5,143,-0.9659258262890684,0.2588190451025203,0.0,13.356048,-13.356047630310059
0.0,25.225801600000004,26.3497904,21,5,143,-0.7071067811865477,0.7071067811865474,0.0,12.999801,-12.999800682067871
0.0,21.719091866666663,23.2145264,22,5,143,-0.5000000000000004,0.8660254037844384,0.0,12.772559,-12.77255916595459
0.0,20.4955098,21.74084266666667,2,5,144,0.49999999999999994,0.8660254037844387,0.0,12.772559,-12.77255916595459
0.0,21.1670512,22.1400958,4,5,144,0.8660254037844386,0.5000000000000001,0.0,12.772559,-12.77255916595459
0.14642804,24.8963014,22.7378764,7,5,144,0.9659258262890683,-0.25881904510252063,1464.8553571,1161.0311,303.8242291703125
0.2691330578571429,30.984898285714287,23.51787007142857,7,5,144,0.9659258262890683,-0.25881904510252063,2206.2017858,1764.2738,441.9279820890624
0.6361480606666667,47.408421,28.02329086666667,10,5,144,0.49999999999999994,-0.8660254037844387,3296.1910714,3732.5452,-436.35409461562494
0.954939324,65.54571366666664,31.12965493333333,12,5,144,1.2246467991473532e-16,-1.0,4736.569643,5538.465,-801.8952007500002
0.6678877380000001,58.53033853333333,31.10980833333333,12,5,144,1.2246467991473532e-16,-1.0,5262.1214286,4422.934,839.1873465687504
0.9360600806666666,59.10431306666667,32.174080466666666,13,5,144,-0.2588190451025208,-0.9659258262890683,5855.435714,5670.1416,185.2941124375002
0.5062324326666667,48.28102199999999,32.598390733333325,14,5,144,-0.4999999999999997,-0.8660254037844388,7717.0071428,5619.7036,2097.30352951875
0.2978837853333333,41.18470279999999,31.88587833333333,16,5,144,-0.8660254037844385,-0.5000000000000004,1599.8946428,1651.4241,-51.52942946562507
0.1122409709333333,32.23251346666666,29.63169753333333,17,5,144,-0.9659258262890683,-0.25881904510252063,628.9625,447.3259,181.6366027832031
0.0,25.399934866666666,26.9254904,20,5,144,-0.8660254037844386,0.5000000000000001,0.0,13.356048,-13.356047630310059
0.0,23.791683066666668,26.0939412,21,5,144,-0.7071067811865477,0.7071067811865474,0.0,12.999801,-12.999800682067871
0.0,23.103936733333327,25.488665666666662,22,5,144,-0.5000000000000004,0.8660254037844384,0.0,12.772559,-12.77255916595459
0.0,21.8853208,24.538547666666663,0,5,145,0.0,1.0,0.0,12.772559,-12.77255916595459
0.0,21.765153,24.211336266666667,1,5,145,0.25881904510252074,0.9659258262890683,0.0,12.772559,-12.77255916595459
0.0,22.922821066666668,24.47437553333333,1,5,145,0.25881904510252074,0.9659258262890683,0.0,12.772559,-12.77255916595459
0.0,22.74956053333333,24.6126954,2,5,145,0.49999999999999994,0.8660254037844387,0.0,12.772559,-12.77255916595459
0.0,22.162550733333337,24.401302066666663,2,5,145,0.49999999999999994,0.8660254037844387,0.0,12.772559,-12.77255916595459
0.0,21.322037666666663,24.0961324,2,5,145,0.49999999999999994,0.8660254037844387,0.0,12.772559,-12.77255916595459
0.0,21.193375733333337,24.0066,3,5,145,0.7071067811865476,0.7071067811865476,0.0,12.772559,-12.77255916595459
0.0,21.493794800000007,23.90087886666667,4,5,145,0.8660254037844386,0.5000000000000001,0.0,12.772559,-12.77255916595459
0.2052391053333333,28.002966266666665,24.857926333333328,7,5,145,0.9659258262890683,-0.25881904510252063,1184.0857142,1365.2732,-181.18747915937502
0.323376125,33.56302542857142,25.920839642857143,7,5,145,0.9659258262890683,-0.25881904510252063,2709.3125,2555.3333,153.979248046875
0.56387132,43.693817200000005,27.864129466666668,9,5,145,0.7071067811865476,-0.7071067811865475,3355.1839286,3173.0608,182.12313758437494
0.51719428,42.949353714285714,27.86592971428571,9,5,145,0.7071067811865476,-0.7071067811865475,2436.2214286,2451.69,-15.468512806250146
0.7758027066666667,56.54914560000001,29.893628,11,5,145,0.258819045102521,-0.9659258262890682,6305.783929,5624.9424,680.8415461875002
0.8323255766666667,58.270271933333326,33.551989866666666,14,5,145,-0.4999999999999997,-0.8660254037844388,8396.457143,6051.5195,2344.9376117499996
0.3035469626666667,39.121545600000005,32.72574673333334,16,5,145,-0.8660254037844385,-0.5000000000000004,1581.2375000000002,1642.261,-61.02348632812482
0.199998688,38.29546746666666,32.515638933333335,17,5,145,-0.9659258262890683,-0.25881904510252063,1822.1482143,1697.4607,124.68752094062506
0.0,25.95293373333333,27.721820066666663,19,5,145,-0.9659258262890684,0.2588190451025203,0.0,10.007302,-10.007302284240723
0.0,25.596382866666666,27.12241393333333,20,5,145,-0.8660254037844386,0.5000000000000001,0.0,13.356048,-13.356047630310059
0.0,23.2487568,24.7625794,22,5,145,-0.5000000000000004,0.8660254037844384,0.0,12.772559,-12.77255916595459
0.0,22.5190776,23.576312266666665,0,5,146,0.0,1.0,0.0,12.772559,-12.77255916595459
0.0,22.72366926666666,23.813157266666668,1,5,146,0.25881904510252074,0.9659258262890683,0.0,12.772559,-12.77255916595459
0.4445730093333333,34.9920044,24.931500133333333,8,5,146,0.8660254037844387,-0.4999999999999998,3018.275,3089.9973,-71.72231445312491
0.8341566393333333,53.50141380000001,29.217750933333328,10,5,146,0.49999999999999994,-0.8660254037844387,2192.7696429999996,3338.8733,-1146.1036480156254
0.9131820933333334,59.35841486666666,30.38230993333333,11,5,146,0.258819045102521,-0.9659258262890682,2345.625,3565.176,-1219.551025390625
0.947984686,60.58494866666666,31.036269066666662,11,5,146,0.258819045102521,-0.9659258262890682,3597.4375,4566.9907,-969.55322265625
0.970586436,58.25814226666666,32.02379753333333,12,5,146,1.2246467991473532e-16,-1.0,9792.171429,6808.4233,2983.74808915625
0.8607233646666665,58.80879913333334,33.32365333333333,14,5,146,-0.4999999999999997,-0.8660254037844388,2195.55,3845.7258,-1650.1758300781248
0.1337362736666667,39.0915042,33.7051188,16,5,146,-0.8660254037844385,-0.5000000000000004,762.8571429,771.017,-8.159885908593765
0.0755440882,33.21449166666667,32.63336773333333,17,5,146,-0.9659258262890683,-0.25881904510252063,556.8857143,540.02747,16.858248479687518
0.0165713633,27.363647333333333,28.77471533333333,18,5,146,-1.0,-1.8369701987210297e-16,42.98928571,47.743347,-4.754061457968753
0.0,22.6132344,25.98317053333333,20,5,146,-0.8660254037844386,0.5000000000000001,0.0,12.999801,-12.999800682067871
0.0,24.133376066666667,26.3512246,20,5,146,-0.8660254037844386,0.5000000000000001,0.0,12.999801,-12.999800682067871
0.0,19.818194466666668,22.470717400000005,23,5,146,-0.25881904510252157,0.9659258262890681,0.0,12.772559,-12.77255916595459
0.0,19.648162866666667,22.17399293333333,1,5,147,0.25881904510252074,0.9659258262890683,0.0,12.772559,-12.77255916595459
0.0,19.47120353333333,21.980529733333327,2,5,147,0.49999999999999994,0.8660254037844387,0.0,12.772559,-12.77255916595459
0.0,18.911025,21.402293,2,5,147,0.49999999999999994,0.8660254037844387,0.0,12.772559,-12.77255916595459
0.0,19.249369266666665,21.37924393333333,3,5,147,0.7071067811865476,0.7071067811865476,0.0,12.772559,-12.77255916595459
0.0287589122,20.668404133333333,22.62713006666667,6,5,147,1.0,6.123233995736766e-17,117.55714286,124.396286,-6.8391431507421885
0.2717468766666666,29.170227,24.416178333333328,7,5,147,0.9659258262890683,-0.25881904510252063,1631.9142857,1439.1755,192.73874859062494
0.5608459200000001,43.4644392,26.999525933333327,8,5,147,0.8660254037844387,-0.4999999999999998,2896.275,3162.8542,-266.5792480468749
0.666398724,48.98255793333334,27.668807,9,5,147,0.7071067811865476,-0.7071067811865475,3518.65,3127.6587,390.9913085937501
0.8155462639999999,54.075234266666655,28.9688944,10,5,147,0.49999999999999994,-0.8660254037844387,6288.357144,4802.7847,1485.5724760312496
0.9841090573333332,57.320168,29.5801188,10,5,147,0.49999999999999994,-0.8660254037844387,3547.6446429999996,4997.905,-1450.2601421562504
1.0541559813333337,59.133262,31.35813793333333,12,5,147,1.2246467991473532e-16,-1.0,4836.464285,5257.129,-420.66462125
0.319140978,42.82737193333334,32.39553246666666,15,5,147,-0.7071067811865471,-0.7071067811865479,2208.6267857,2340.4158,-131.7889857843752
0.0699064925333333,36.04578060000001,32.083526600000006,17,5,147,-0.9659258262890683,-0.25881904510252063,398.8375,603.07275,-204.23525390625002
0.0,24.456264266666665,26.344228133333328,19,5,147,-0.9659258262890684,0.2588190451025203,0.0,12.999801,-12.999800682067871
0.0,22.87546186666667,25.6798888,20,5,147,-0.8660254037844386,0.5000000000000001,0.0,12.772559,-12.77255916595459
0.0,23.815649266666664,25.312601666666662,23,5,147,-0.25881904510252157,0.9659258262890681,0.0,12.772559,-12.77255916595459
0.0,21.7501342,23.3878704,0,5,148,0.0,1.0,0.0,12.772559,-12.77255916595459
0.0,22.1949502,23.5569438,1,5,148,0.25881904510252074,0.9659258262890683,0.0,12.772559,-12.77255916595459
0.0,22.218638066666667,23.6097004,1,5,148,0.25881904510252074,0.9659258262890683,0.0,12.772559,-12.77255916595459
0.0,21.68212693333333,24.007735066666665,3,5,148,0.7071067811865476,0.7071067811865476,0.0,12.772559,-12.77255916595459
0.0,21.50230326666667,23.8672546,3,5,148,0.7071067811865476,0.7071067811865476,0.0,12.772559,-12.77255916595459
0.0,21.601784133333336,23.4968382,4,5,148,0.8660254037844386,0.5000000000000001,0.0,12.772559,-12.77255916595459
0.0,21.53707273333333,23.591532466666663,5,5,148,0.9659258262890683,0.25881904510252074,0.0,12.772559,-12.77255916595459
0.0,21.70099893333333,23.406447400000005,5,5,148,0.9659258262890683,0.25881904510252074,0.0,12.772559,-12.77255916595459
0.0275747859333333,21.6591104,23.13891793333333,6,5,148,1.0,6.123233995736766e-17,177.89464286,124.26481,53.62983420521485
0.0606357090666666,22.568992,23.3408814,6,5,148,1.0,6.123233995736766e-17,231.74285714,283.0611,-51.31823905140624
0.1616571346666666,24.944256533333338,24.464884533333333,7,5,148,0.9659258262890683,-0.25881904510252063,578.7767857,658.12286,-79.34607806953125
0.1542123409333333,25.490907733333334,24.711029066666665,7,5,148,0.9659258262890683,-0.25881904510252063,775.3910715,778.8595,-3.4684255703125473
0.5601515626666665,41.08350839999999,27.553778,8,5,148,0.8660254037844387,-0.4999999999999998,2925.8125,2259.5015,666.31103515625
0.6264925335714285,50.96223692857144,29.141590642857143,9,5,148,0.7071067811865476,-0.7071067811865475,3146.4928571,2680.3562,466.13665592812504
0.66640501,47.639289111111104,29.011586333333334,10,5,148,0.49999999999999994,-0.8660254037844387,2746.7183333000003,3139.8118,-393.09343427812473
0.8336664386666666,50.714097,30.1848064,11,5,148,0.258819045102521,-0.9659258262890682,5518.434525000001,5489.6187,28.815872656250576
0.6554787686666667,47.220991733333335,32.7693424,14,5,148,-0.4999999999999997,-0.8660254037844388,4522.2392857,4533.099,-10.859835393749563
0.042321342,30.149639866666664,29.846213866666663,17,5,148,-0.9659258262890683,-0.25881904510252063,295.91428571,227.8225,68.09179120316406
0.0,21.1259462,23.238674,21,5,148,-0.7071067811865477,0.7071067811865474,0.0,12.772559,-12.77255916595459
0.0,20.862552933333337,22.904701733333336,22,5,148,-0.5000000000000004,0.8660254037844384,0.0,12.772559,-12.77255916595459
0.0,21.7263734,23.120672733333333,0,5,149,0.0,1.0,0.0,12.772559,-12.77255916595459
0.0,21.05123893333333,23.027730200000004,1,5,149,0.25881904510252074,0.9659258262890683,0.0,12.772559,-12.77255916595459
0.0,20.55102133333333,22.5432046,2,5,149,0.49999999999999994,0.8660254037844387,0.0,12.772559,-12.77255916595459
0.0,20.652756666666665,22.4661296,2,5,149,0.49999999999999994,0.8660254037844387,0.0,12.772559,-12.77255916595459
0.0,20.6208456,22.416562866666663,3,5,149,0.7071067811865476,0.7071067811865476,0.0,12.772559,-12.77255916595459
0.0,20.72333173333333,22.623174933333328,4,5,149,0.8660254037844386,0.5000000000000001,0.0,12.772559,-12.77255916595459
0.0,19.745314466666663,22.137520266666662,5,5,149,0.9659258262890683,0.25881904510252074,0.0,12.772559,-12.77255916595459
0.0525764360666666,20.365659666666662,21.9106464,6,5,149,1.0,6.123233995736766e-17,328.11428571,307.7133,20.400998356484365
0.6186352253333331,44.7877972,27.544490533333327,9,5,149,0.7071067811865476,-0.7071067811865475,2414.2464286,3340.575,-926.328522571875
0.8295752813333332,51.9404828,29.420182333333333,10,5,149,0.49999999999999994,-0.8660254037844387,5985.494642,5033.4277,952.0669076249997
0.807332034,51.16156006666666,29.914223333333336,11,5,149,0.258819045102521,-0.9659258262890682,5288.9999994,5117.401,171.59912049374998
1.0637222583333332,60.04074324999999,32.29975366666667,12,5,149,1.2246467991473532e-16,-1.0,4908.9952379999995,5446.38,-537.3846448125005
0.8011804564285713,58.43889107142857,32.15694978571428,12,5,149,1.2246467991473532e-16,-1.0,4420.573215,4702.7803,-282.20705843749965
1.0082438753333332,60.926743466666665,32.9157552,13,5,149,-0.2588190451025208,-0.9659258262890683,5024.775,4874.8145,149.96054687499964
0.4033134171428571,46.81591135714286,32.78992792857142,14,5,149,-0.4999999999999997,-0.8660254037844388,2995.8982143000003,3095.796,-99.89768413749971
0.7397700273333334,51.453865333333326,33.397930933333335,15,5,149,-0.7071067811865471,-0.7071067811865479,1948.7732142999998,3510.4417,-1561.6684360906252
0.2912888885714286,38.693878142857145,32.67632835714286,16,5,149,-0.8660254037844385,-0.5000000000000004,1828.2928571,1468.4192,359.873667646875
0.0517987240666666,31.634830733333327,31.476942933333337,17,5,149,-0.9659258262890683,-0.25881904510252063,128.6625,217.0779,-88.41539611816407
0.0,26.7919168,27.7923808,19,5,149,-0.9659258262890684,0.2588190451025203,0.0,5.098896,-5.098896026611328
0.0,20.65195161538461,22.000267692307688,21,5,149,-0.7071067811865477,0.7071067811865474,0.0,12.772559,-12.77255916595459
0.0,19.553316538461537,20.613987769230768,21,5,149,-0.7071067811865477,0.7071067811865474,0.0,12.772559,-12.77255916595459
0.0,19.865224266666665,20.845003333333327,22,5,149,-0.5000000000000004,0.8660254037844384,0.0,12.772559,-12.77255916595459
0.0409023354166666,20.166653916666665,20.838399333333328,6,5,150,1.0,6.123233995736766e-17,221.9,244.2307,-22.330697631835932
0.0663231575714285,20.9889395,21.0031935,6,5,150,1.0,6.123233995736766e-17,388.65714287000003,389.4265,-0.7693708018749703
0.2336446046666666,29.930456466666666,22.677024466666666,8,5,150,0.8660254037844387,-0.4999999999999998,1645.125,1518.8231,126.3018798828125
0.3933412785714285,37.545538642857146,24.082292928571427,8,5,150,0.8660254037844387,-0.4999999999999998,3293.4428572,2943.446,349.99681227812516
0.7256673206666666,54.0487796,29.170436533333337,11,5,150,0.258819045102521,-0.9659258262890682,4425.8535714,3948.9966,476.85698936874996
0.6525659726666667,53.019840733333325,32.07957366666666,14,5,150,-0.4999999999999997,-0.8660254037844388,5238.7892857,5036.89,201.8991489812497
0.5593601680000001,52.76566173333333,32.37420473333333,15,5,150,-0.7071067811865471,-0.7071067811865479,3059.4642857,2904.6638,154.8004673406249
0.5348639064285715,48.318494571428566,32.46573564285715,15,5,150,-0.7071067811865471,-0.7071067811865479,2973.1196428,3623.336,-650.2162947000002
0.25664592,39.6094684,30.836218333333328,16,5,150,-0.8660254037844385,-0.5000000000000004,1430.2035713999999,1284.968,145.23555382187487
0.0,25.381172666666668,27.0520792,18,5,150,-1.0,-1.8369701987210297e-16,0.0,22.908318,-22.90831756591797
0.0,24.422851666666663,26.251810733333336,19,5,150,-0.9659258262890684,0.2588190451025203,0.0,12.999801,-12.999800682067871
0.0,24.433229466666667,25.6105834,20,5,150,-0.8660254037844386,0.5000000000000001,0.0,12.772559,-12.77255916595459
0.0,24.084344533333333,25.4170736,21,5,150,-0.7071067811865477,0.7071067811865474,0.0,12.772559,-12.77255916595459
0.0,20.709676,21.44609786666667,23,5,150,-0.25881904510252157,0.9659258262890681,0.0,12.772559,-12.77255916595459
0.0,20.8601236,21.52715873333333,0,5,151,0.0,1.0,0.0,12.772559,-12.77255916595459
0.0,20.529703666666663,21.3664144,0,5,151,0.0,1.0,0.0,12.772559,-12.77255916595459
0.0,20.504990666666664,21.3732096,0,5,151,0.0,1.0,0.0,12.772559,-12.77255916595459
0.0,20.5375876,21.42423293333333,4,5,151,0.8660254037844386,0.5000000000000001,0.0,12.772559,-12.77255916595459
0.0,20.5680806,21.4370606,4,5,151,0.8660254037844386,0.5000000000000001,0.0,12.772559,-12.77255916595459
0.0,20.270672800000003,21.293420333333334,4,5,151,0.8660254037844386,0.5000000000000001,0.0,12.772559,-12.77255916595459
0.0,20.15769046666667,21.26208493333333,5,5,151,0.9659258262890683,0.25881904510252074,0.0,12.772559,-12.77255916595459
0.2194022685714285,28.886864857142857,22.792192642857145,8,5,151,0.8660254037844387,-0.4999999999999998,1830.7464286,1536.3342,294.41220008437494
0.319270414,32.51050999999999,23.30529986666667,8,5,151,0.8660254037844387,-0.4999999999999998,2515.2267857,2242.5698,272.65696148125016
0.348691926,32.48247873333333,24.85946453333333,10,5,151,0.49999999999999994,-0.8660254037844387,1054.5928571,1930.9355,-876.342689775
0.715572958,41.660313,25.542982933333327,11,5,151,0.258819045102521,-0.9659258262890682,3032.9464289000002,4212.1177,-1179.1712468812498
0.6239884299999999,46.695184266666665,26.3615418,11,5,151,0.258819045102521,-0.9659258262890682,6960.9535714,5234.84,1726.1137276500003
0.8897051446666668,55.02622280000001,29.40827633333333,13,5,151,-0.2588190451025208,-0.9659258262890683,1159.271429,2521.6746,-1362.403131546875
0.5397100973333333,46.916251733333326,30.839324866666665,15,5,151,-0.7071067811865471,-0.7071067811865479,2890.8964286,3099.3965,-208.50005577499996
0.3143966613333332,39.94118873333333,30.61301473333333,16,5,151,-0.8660254037844385,-0.5000000000000004,888.2857143,1430.6177,-542.33196148125
0.3052764092857143,37.85851378571428,30.771809071428567,16,5,151,-0.8660254037844385,-0.5000000000000004,1195.0339286,1360.7157,-165.68176964218742
0.1410142690666667,32.64035633333333,30.037693333333333,17,5,151,-0.9659258262890683,-0.25881904510252063,365.525,731.7091,-366.1841064453125
0.0194361867666666,27.2036742,28.536002666666665,18,5,151,-1.0,-1.8369701987210297e-16,220.01785715,81.3047,138.71315439121094
0.0,24.04932253333333,26.376255266666668,19,5,151,-0.9659258262890684,0.2588190451025203,0.0,12.999801,-12.999800682067871
0.0,23.4801616,24.481256200000004,20,5,151,-0.8660254037844386,0.5000000000000001,0.0,12.772559,-12.77255916595459
0.0,21.47575886666667,23.783605866666665,21,5,151,-0.7071067811865477,0.7071067811865474,0.0,12.772559,-12.77255916595459
0.0,21.1661254,23.33104853333333,21,5,151,-0.7071067811865477,0.7071067811865474,0.0,12.772559,-12.77255916595459
0.0,21.261847066666665,23.26649373333333,22,5,151,-0.5000000000000004,0.8660254037844384,0.0,12.772559,-12.77255916595459
0.0,21.33069053333333,23.36821886666668,22,5,151,-0.5000000000000004,0.8660254037844384,0.0,12.772559,-12.77255916595459
0.0,21.227034600000003,23.299794533333337,23,5,151,-0.25881904510252157,0.9659258262890681,0.0,12.772559,-12.77255916595459
0.0,22.616561,23.73268626666667,1,5,152,0.25881904510252074,0.9659258262890683,0.0,12.772559,-12.77255916595459
0.0,20.646187266666665,22.021704133333333,5,5,152,0.9659258262890683,0.25881904510252074,0.0,12.772559,-12.77255916595459
0.2427383993333333,29.06023366666667,23.899300266666664,8,5,152,0.8660254037844387,-0.4999999999999998,995.5482142999999,1189.6578,-194.10962261406257
0.72428377,52.408536733333335,28.05637,10,5,152,0.49999999999999994,-0.8660254037844387,2990.1053571,3668.472,-678.3665667281248
1.034329982142857,56.95899535714286,30.28202614285715,12,5,152,1.2246467991473532e-16,-1.0,7712.233929,6481.9287,1230.3052180625
0.6815564133333333,58.3018188,30.402663066666666,13,5,152,-0.2588190451025208,-0.9659258262890683,3441.3535714,4083.0579,-641.704289928125
0.0,22.05540973333333,24.734248933333333,20,5,152,-0.8660254037844386,0.5000000000000001,0.0,12.772559,-12.77255916595459
0.0,20.46430528571429,23.128673000000003,0,6,153,0.0,1.0,0.0,12.772559,-12.77255916595459
0.0,20.269492666666668,22.96749253333333,0,6,153,0.0,1.0,0.0,12.772559,-12.77255916595459
0.0,20.2015706,22.34894813333333,1,6,153,0.25881904510252074,0.9659258262890683,0.0,12.772559,-12.77255916595459
0.0,20.0180746,21.9381226,2,6,153,0.49999999999999994,0.8660254037844387,0.0,12.772559,-12.77255916595459
0.0,19.6118978,21.76579393333333,3,6,153,0.7071067811865476,0.7071067811865476,0.0,12.772559,-12.77255916595459
0.0,19.54833973333333,21.468520066666667,3,6,153,0.7071067811865476,0.7071067811865476,0.0,12.772559,-12.77255916595459
0.0,19.8354494,21.489196866666664,4,6,153,0.8660254037844386,0.5000000000000001,0.0,12.772559,-12.77255916595459
0.0,19.5410582,21.34605493333333,5,6,153,0.9659258262890683,0.25881904510252074,0.0,12.772559,-12.77255916595459
0.0083067844,19.96554366666667,21.2783936,6,6,153,1.0,6.123233995736766e-17,44.887499999999996,45.585617,-0.6981170654296918
0.0331196089333333,20.756795266666668,21.563067533333328,6,6,153,1.0,6.123233995736766e-17,132.0625,131.19275,0.8697509765625
0.0685966837333333,21.544547666666663,21.887721666666664,6,6,153,1.0,6.123233995736766e-17,647.45,433.91742,213.5325805664063
0.4699400059999999,35.20188793333334,24.854911266666665,8,6,153,0.8660254037844387,-0.4999999999999998,2400.9142857,2553.1245,-152.21022601874984
0.4202787366666667,42.300410866666674,26.58655813333333,9,6,153,0.7071067811865476,-0.7071067811865475,2919.0214286,2782.973,136.04852820937504
0.6197431146666665,49.0828572,29.6550456,12,6,153,1.2246467991473532e-16,-1.0,5029.3803572,5180.85,-151.4697404562503
0.580272074,49.852822,29.979579800000003,12,6,153,1.2246467991473532e-16,-1.0,4450.0446429,3814.5552,635.4894671187503
0.480327483076923,42.37028861538461,28.47627846153846,13,6,153,-0.2588190451025208,-0.9659258262890683,1835.1166667,1828.6229,6.493741895312496
0.2159930109999999,26.907125,26.093007466666663,14,6,153,-0.4999999999999997,-0.8660254037844388,1953.8625000000002,1954.5798,-0.7173339843748181
0.3338253060000001,32.771891,26.54801433333333,14,6,153,-0.4999999999999997,-0.8660254037844388,3541.8285714000003,3411.3794,130.44917686875033
0.1274455812,30.744077466666667,26.798168933333333,15,6,153,-0.7071067811865471,-0.7071067811865479,967.2875,772.4795,194.80800781250002
0.0639746532,26.99750153333333,25.8629782,17,6,153,-0.9659258262890683,-0.25881904510252063,476.97321429,369.08163,107.89157976851561
0.0,23.405692466666665,24.999057866666668,18,6,153,-1.0,-1.8369701987210297e-16,0.0,12.772559,-12.77255916595459
0.0,20.3145366,22.54657193333333,0,6,154,0.0,1.0,0.0,12.772559,-12.77255916595459
0.0,19.743534333333333,21.683178800000004,2,6,154,0.49999999999999994,0.8660254037844387,0.0,12.772559,-12.77255916595459
0.0,19.5980612,21.4014854,3,6,154,0.7071067811865476,0.7071067811865476,0.0,12.772559,-12.77255916595459
0.0,20.305562266666666,21.640098066666663,4,6,154,0.8660254037844386,0.5000000000000001,0.0,12.772559,-12.77255916595459
0.0079012560333333,20.010978066666667,21.586885533333334,6,6,154,1.0,6.123233995736766e-17,43.578571429,45.585617,-2.0070456364296874
0.117114942,23.6078104,22.607889933333336,7,6,154,0.9659258262890683,-0.25881904510252063,507.4,516.91254,-9.512536621093773
0.6629108933333333,44.15874253333334,27.61693933333333,12,6,154,1.2246467991473532e-16,-1.0,5251.5410714,5115.1772,136.36382530624996
0.4026979686666666,36.349589,26.279598133333334,15,6,154,-0.7071067811865471,-0.7071067811865479,3494.6089286,3382.6113,111.99760047500013
0.4304919446666666,37.54320873333334,26.519590333333333,15,6,154,-0.7071067811865471,-0.7071067811865479,5716.3375,4417.618,1298.7193359374996
0.4788621826666666,38.264609666666665,26.6184204,16,6,154,-0.8660254037844385,-0.5000000000000004,1966.9571429,2852.1711,-885.213999678125
0.3038333933333333,34.19353846666667,26.13088566666667,16,6,154,-0.8660254037844385,-0.5000000000000004,2628.0232143,2194.4583,433.56496234687484
0.21379486,31.919557666666662,25.7980978,16,6,154,-0.8660254037844385,-0.5000000000000004,1520.9339286,1515.228,5.705901256249945
0.0213697816666666,23.850461733333333,24.5652384,18,6,154,-1.0,-1.8369701987210297e-16,86.05892857,73.38847,12.670455059257819
0.0,21.834912200000005,24.10461833333333,19,6,154,-0.9659258262890684,0.2588190451025203,0.0,12.772559,-12.77255916595459
0.0,21.673779266666664,24.030802466666668,19,6,154,-0.9659258262890684,0.2588190451025203,0.0,12.772559,-12.77255916595459
0.0,20.397253666666668,23.0872802,21,6,154,-0.7071067811865477,0.7071067811865474,0.0,12.772559,-12.77255916595459
0.0,20.658549266666665,23.1034912,22,6,154,-0.5000000000000004,0.8660254037844384,0.0,12.772559,-12.77255916595459
0.0,21.322857666666668,23.097322666666663,22,6,154,-0.5000000000000004,0.8660254037844384,0.0,12.772559,-12.77255916595459
0.0,21.02276614285714,23.029817857142856,23,6,154,-0.25881904510252157,0.9659258262890681,0.0,12.772559,-12.77255916595459
0.0,21.314619866666668,23.154599933333333,23,6,154,-0.25881904510252157,0.9659258262890681,0.0,12.772559,-12.77255916595459
0.0,21.173158933333333,23.185095266666664,23,6,154,-0.25881904510252157,0.9659258262890681,0.0,12.772559,-12.77255916595459
0.0,20.89146513333333,23.1571288,0,6,155,0.0,1.0,0.0,12.772559,-12.77255916595459
0.0,20.576291866666665,22.974324466666666,0,6,155,0.0,1.0,0.0,12.772559,-12.77255916595459
0.0,20.99209193333333,22.660235666666665,2,6,155,0.49999999999999994,0.8660254037844387,0.0,12.772559,-12.77255916595459
0.0,20.68842773333333,22.34726146666667,4,6,155,0.8660254037844386,0.5000000000000001,0.0,12.772559,-12.77255916595459
0.0,21.041841466666664,22.29955246666667,5,6,155,0.9659258262890683,0.25881904510252074,0.0,12.772559,-12.77255916595459
0.0,21.1730612,22.230548066666667,5,6,155,0.9659258262890683,0.25881904510252074,0.0,12.772559,-12.77255916595459
0.0,21.009530285714284,22.029776500000004,5,6,155,0.9659258262890683,0.25881904510252074,0.0,12.772559,-12.77255916595459
0.0625831249333333,22.72741286666667,22.115535533333336,6,6,155,1.0,6.123233995736766e-17,261.05178571,348.29364,-87.24185442671876
0.3050666364285714,31.983365928571427,24.27014585714286,8,6,155,0.8660254037844387,-0.4999999999999998,431.6714286,1074.7727,-643.101276478125
0.3114204379999999,34.808233666666666,25.202730200000005,8,6,155,0.8660254037844387,-0.4999999999999998,1760.3857143,1648.4,111.98568988593752
0.4392469226666666,36.467413466666656,25.790447933333336,9,6,155,0.7071067811865476,-0.7071067811865475,3074.6357142,2946.5984,128.03732552812517
0.4313674273333333,37.30622160000001,25.9910524,9,6,155,0.7071067811865476,-0.7071067811865475,2492.5125,2823.6313,-331.1188476562502
0.4154079433333333,36.67445066666666,26.170804866666664,10,6,155,0.49999999999999994,-0.8660254037844387,2942.8678571,2912.0554,30.812437178125037
0.6610665566666664,46.194077866666674,27.98884273333333,11,6,155,0.258819045102521,-0.9659258262890682,3644.3857143,4247.0264,-602.6406528875
0.8066293299999999,45.770940866666656,27.941221066666667,11,6,155,0.258819045102521,-0.9659258262890682,6212.183928,5905.163,307.0208420625004
0.7504526286666667,48.776688333333325,28.559281400000003,13,6,155,-0.2588190451025208,-0.9659258262890683,3906.025,4566.4385,-660.4134765624999
0.6152726233333333,46.6314395,27.86218783333333,13,6,155,-0.2588190451025208,-0.9659258262890683,3479.9,3974.111,-494.2110839843749
0.73095554,45.06816992857143,28.27815892857143,14,6,155,-0.4999999999999997,-0.8660254037844388,9607.8964289,7182.261,2425.6351984312496
0.7781302413333333,50.806604,28.85288293333333,15,6,155,-0.7071067811865471,-0.7071067811865479,4270.6,4640.7495,-370.14951171874964
0.1089596830666666,27.818965666666667,25.95564166666666,17,6,155,-0.9659258262890683,-0.25881904510252063,573.1517857,447.88724,125.26454815117188
0.0,21.4879578,23.983721866666667,19,6,155,-0.9659258262890684,0.2588190451025203,0.0,12.772559,-12.77255916595459
0.0,21.421516933333333,23.3567708,22,6,155,-0.5000000000000004,0.8660254037844384,0.0,12.772559,-12.77255916595459
0.0,20.64805378571429,22.874760071428568,1,6,156,0.25881904510252074,0.9659258262890683,0.0,12.772559,-12.77255916595459
0.0,19.9091552,22.51006266666667,3,6,156,0.7071067811865476,0.7071067811865476,0.0,12.772559,-12.77255916595459
0.0,20.07742533333333,22.293249466666666,5,6,156,0.9659258262890683,0.25881904510252074,0.0,12.772559,-12.77255916595459
0.0,20.21210933333333,22.30016693333333,5,6,156,0.9659258262890683,0.25881904510252074,0.0,12.772559,-12.77255916595459
0.339791978,38.59687113333333,25.7016844,8,6,156,0.8660254037844387,-0.4999999999999998,1998.8125,1970.6157,28.19677734375
0.5299622466666666,42.377244466666674,27.355015066666667,9,6,156,0.7071067811865476,-0.7071067811865475,1897.75,2048.7075,-150.95751953125
0.8495404559999999,54.02926233333333,29.428778066666663,12,6,156,1.2246467991473532e-16,-1.0,4697.866072,4759.444,-61.577775656250196
0.286518426,34.17826959999999,27.39092606666667,17,6,156,-0.9659258262890683,-0.25881904510252063,2634.1357143,2052.6777,581.457979925
0.0225988850666666,25.6452434,25.879600133333334,18,6,156,-1.0,-1.8369701987210297e-16,58.15714286,70.9517,-12.794555443222656
0.0,22.83024093333333,25.1925436,18,6,156,-1.0,-1.8369701987210297e-16,0.0,12.772559,-12.77255916595459
0.0,22.163502866666665,24.911574333333327,19,6,156,-0.9659258262890684,0.2588190451025203,0.0,12.772559,-12.77255916595459
0.0,21.570215,24.203576466666668,20,6,156,-0.8660254037844386,0.5000000000000001,0.0,12.772559,-12.77255916595459
0.0,20.771161785714288,23.413728857142857,21,6,156,-0.7071067811865477,0.7071067811865474,0.0,12.772559,-12.77255916595459
0.0,20.6240682,23.33440973333333,21,6,156,-0.7071067811865477,0.7071067811865474,0.0,12.772559,-12.77255916595459
0.0,19.952642666666662,22.871164866666668,22,6,156,-0.5000000000000004,0.8660254037844384,0.0,12.772559,-12.77255916595459
0.0,19.858323266666662,22.355903933333337,0,6,157,0.0,1.0,0.0,12.772559,-12.77255916595459
0.0,19.1575074,21.93583573333333,1,6,157,0.25881904510252074,0.9659258262890683,0.0,12.772559,-12.77255916595459
0.0,19.66063135714285,21.829637785714283,3,6,157,0.7071067811865476,0.7071067811865476,0.0,12.772559,-12.77255916595459
0.0008480133085714,19.75165221428572,21.663992714285715,5,6,157,0.9659258262890683,0.25881904510252074,0.0,12.772559,-12.77255916595459
0.1046293030666666,23.143766266666663,22.578601066666668,7,6,157,0.9659258262890683,-0.25881904510252063,408.3107143,411.00284,-2.6921238347656526
0.3701208159999999,31.34313753333333,23.990735,8,6,157,0.8660254037844387,-0.4999999999999998,1444.3625,1737.7357,-293.37321777343755
0.661408742,43.22573646666668,26.326908333333336,9,6,157,0.7071067811865476,-0.7071067811865475,5070.4767857,4543.735,526.7419224187497
0.403045044,45.74378906666668,27.300339800000003,9,6,157,0.7071067811865476,-0.7071067811865475,1087.2035714,1505.7377,-418.5340994984374
0.7114153480000001,54.683736466666666,28.038039066666663,10,6,157,0.49999999999999994,-0.8660254037844387,4944.9125,4007.5388,937.3736816406254
0.6841737733333335,47.8497312,27.55344846666667,11,6,157,0.258819045102521,-0.9659258262890682,4485.3714286,4599.685,-114.3136299937496
0.9138139586666668,54.984794066666666,28.1088298,11,6,157,0.258819045102521,-0.9659258262890682,2168.569643,3190.7734,-1022.2037945000002
1.0468158086666666,59.51716313333333,28.699442466666667,11,6,157,0.258819045102521,-0.9659258262890682,4767.289286,4659.59,107.69944225000017
0.323248656,40.50380226666666,27.64007353333333,12,6,157,1.2246467991473532e-16,-1.0,2664.2017857,2192.4402,471.7616001531251
0.8546898013333333,49.60990173333333,29.279667000000003,14,6,157,-0.4999999999999997,-0.8660254037844388,6747.626786,6400.5786,347.0481727187498
0.2869888493333333,35.2929974,28.329986466666664,17,6,157,-0.9659258262890683,-0.25881904510252063,1524.3375,1682.7162,-158.3786865234374
0.000129449935,23.948681533333332,25.68867206666667,18,6,157,-1.0,-1.8369701987210297e-16,0.0,12.772559,-12.77255916595459
0.0,21.854593933333334,24.567763266666667,19,6,157,-0.9659258262890684,0.2588190451025203,0.0,12.772559,-12.77255916595459
0.0,21.444433733333334,24.2519918,20,6,157,-0.8660254037844386,0.5000000000000001,0.0,12.772559,-12.77255916595459
0.0,21.321700266666667,24.041046266666665,20,6,157,-0.8660254037844386,0.5000000000000001,0.0,12.772559,-12.77255916595459
0.0,20.71221926666667,23.661025,21,6,157,-0.7071067811865477,0.7071067811865474,0.0,12.772559,-12.77255916595459
0.0,20.5305968,23.4621744,21,6,157,-0.7071067811865477,0.7071067811865474,0.0,12.772559,-12.77255916595459
0.0,20.27038166666667,23.249294066666664,22,6,157,-0.5000000000000004,0.8660254037844384,0.0,12.772559,-12.77255916595459
0.0,19.5121276,22.207804266666663,1,6,158,0.25881904510252074,0.9659258262890683,0.0,12.772559,-12.77255916595459
0.0,19.052948066666666,21.438657733333336,3,6,158,0.7071067811865476,0.7071067811865476,0.0,12.772559,-12.77255916595459
0.0,18.501708928571425,20.971514,5,6,158,0.9659258262890683,0.25881904510252074,0.0,12.772559,-12.77255916595459
0.2645778099999999,38.737007666666656,26.346307466666666,9,6,158,0.7071067811865476,-0.7071067811865475,761.1285714,1179.873,-418.74447547499994
0.3741500186666666,36.686997266666665,26.485955866666668,9,6,158,0.7071067811865476,-0.7071067811865475,2064.5,2328.2703,-263.770263671875
0.5831875886666666,45.656620466666666,27.40662013333333,9,6,158,0.7071067811865476,-0.7071067811865475,1467.675,1935.5848,-467.90983886718755
0.4059969573333333,43.17022886666666,29.043869866666665,11,6,158,0.258819045102521,-0.9659258262890682,1615.55,1836.2391,-220.68913574218755
0.1509989932,27.446895466666668,25.385963933333336,14,6,158,-0.4999999999999997,-0.8660254037844388,1190.1696428,1180.5468,9.62288987031252
0.0816072844666666,27.200339666666668,25.334818533333337,16,6,158,-0.8660254037844385,-0.5000000000000004,378.35535719999996,419.58545,-41.23009201875004
0.0,20.8517252,22.435105266666664,20,6,158,-0.8660254037844386,0.5000000000000001,0.0,12.772559,-12.77255916595459
0.0,20.1460408,22.187079066666666,20,6,158,-0.8660254037844386,0.5000000000000001,0.0,12.772559,-12.77255916595459
0.0,20.432326266666664,22.210577533333336,21,6,158,-0.7071067811865477,0.7071067811865474,0.0,12.772559,-12.77255916595459
0.0,20.39622393333333,22.10319206666666,0,6,159,0.0,1.0,0.0,12.772559,-12.77255916595459
0.0,20.357409733333327,21.9359068,3,6,159,0.7071067811865476,0.7071067811865476,0.0,12.772559,-12.77255916595459
0.0,20.10399957142857,21.89431971428571,3,6,159,0.7071067811865476,0.7071067811865476,0.0,12.772559,-12.77255916595459
0.0,20.434261,21.946582066666668,4,6,159,0.8660254037844386,0.5000000000000001,0.0,12.772559,-12.77255916595459
0.4554531606666666,39.5672728,24.88059273333333,10,6,159,0.49999999999999994,-0.8660254037844387,4643.5339285,3723.3865,920.147453890625
0.537035125,39.83215985714286,25.09010971428572,10,6,159,0.49999999999999994,-0.8660254037844387,3074.9285714,3237.3298,-162.40126258437522
1.0242290946666668,59.98777086666667,28.7483338,12,6,159,1.2246467991473532e-16,-1.0,5176.742857,4916.055,260.6876812187502
0.9434325606666668,56.89508453333334,30.082822666666665,13,6,159,-0.2588190451025208,-0.9659258262890683,7337.853571,6187.9404,1149.9131413124996
0.6577993407142857,52.11067421428572,30.526469571428567,14,6,159,-0.4999999999999997,-0.8660254037844388,4505.5607139,4795.0557,-289.49495016249966
0.0,22.21106766666667,23.948044733333337,20,6,159,-0.8660254037844386,0.5000000000000001,0.0,12.772559,-12.77255916595459
0.0,21.55108446666667,23.136674066666668,23,6,159,-0.25881904510252157,0.9659258262890681,0.0,12.772559,-12.77255916595459
0.0,21.3458352,22.822715266666663,0,6,160,0.0,1.0,0.0,12.772559,-12.77255916595459
0.0,20.767582200000003,22.663851,1,6,160,0.25881904510252074,0.9659258262890683,0.0,12.772559,-12.77255916595459
0.0,21.25341378571429,22.584224142857146,1,6,160,0.25881904510252074,0.9659258262890683,0.0,12.772559,-12.77255916595459
0.0,21.0984478,22.406974266666666,2,6,160,0.49999999999999994,0.8660254037844387,0.0,12.772559,-12.77255916595459
0.0,21.0637756,22.321024533333333,2,6,160,0.49999999999999994,0.8660254037844387,0.0,12.772559,-12.77255916595459
0.0,20.1673342,21.538749066666668,5,6,160,0.9659258262890683,0.25881904510252074,0.0,12.772559,-12.77255916595459
0.1196465384666666,23.212565,22.075207466666665,7,6,160,0.9659258262890683,-0.25881904510252063,442.3839286,562.72974,-120.34580772812501
0.1471483106666666,25.193231133333327,22.4391438,7,6,160,0.9659258262890683,-0.25881904510252063,940.7428571,982.4546,-41.71173274374996
0.4867305466666667,41.449745733333344,25.66906733333333,9,6,160,0.7071067811865476,-0.7071067811865475,682.3,1456.9785,-774.678515625
0.7595703319999999,47.150412800000005,28.983550933333333,12,6,160,1.2246467991473532e-16,-1.0,6035.328571,5435.7925,599.53609053125
0.7102237526666668,49.31515293333333,31.104663,15,6,160,-0.7071067811865471,-0.7071067811865479,7266.7142857,5997.745,1268.9691685125
0.4696780846666667,45.644804066666666,30.64887906666667,15,6,160,-0.7071067811865471,-0.7071067811865479,3940.2071428,3498.0317,442.17540451874993
0.174294533,33.324613199999995,28.7508078,17,6,160,-0.9659258262890683,-0.25881904510252063,1141.0732143,1096.1366,44.93661762031252
0.0008603421582,24.559830733333328,26.470400066666667,18,6,160,-1.0,-1.8369701987210297e-16,0.0,13.412559,-13.412558555603027
0.0,23.230061,25.64765271428572,19,6,160,-0.9659258262890684,0.2588190451025203,0.0,12.772559,-12.77255916595459
0.0,21.2573832,24.524369400000005,20,6,160,-0.8660254037844386,0.5000000000000001,0.0,12.772559,-12.77255916595459
0.0,20.82428393333333,24.091544666666664,20,6,160,-0.8660254037844386,0.5000000000000001,0.0,12.772559,-12.77255916595459
0.0,20.849894133333333,23.71181633333333,21,6,160,-0.7071067811865477,0.7071067811865474,0.0,12.772559,-12.77255916595459
0.0,20.27771806666667,23.135550933333327,21,6,160,-0.7071067811865477,0.7071067811865474,0.0,12.772559,-12.77255916595459
0.0,19.7034935,21.2718855,4,6,161,0.8660254037844386,0.5000000000000001,0.0,21.308815,-21.308815002441406
0.0,19.69253353333333,21.25706573333333,5,6,161,0.9659258262890683,0.25881904510252074,0.0,21.308815,-21.308815002441406
0.0129515775266666,19.30538333333333,21.290627133333327,6,6,161,1.0,6.123233995736766e-17,93.3625,83.36621,9.996289062499997
0.4785613493333333,39.233233733333336,25.00489506666667,8,6,161,0.8660254037844387,-0.4999999999999998,2375.2178571,2367.711,7.5069195999999465
0.6967051026666666,51.566701466666665,30.3104532,12,6,161,1.2246467991473532e-16,-1.0,4415.266071399999,4072.882,342.3839913218744
0.7895503819999999,52.985744666666655,30.58775246666667,12,6,161,1.2246467991473532e-16,-1.0,3923.0589283,3750.9688,172.09017829999993
0.5976702813333334,46.78769106666667,30.8700052,14,6,161,-0.4999999999999997,-0.8660254037844388,3542.625,4009.473,-466.847900390625
0.5432410099999999,44.940977,30.576977533333327,14,6,161,-0.4999999999999997,-0.8660254037844388,5463.9017858,4642.3916,821.5101842374997
0.5735764053333332,47.85286426666667,31.041467333333333,15,6,161,-0.7071067811865471,-0.7071067811865479,4002.9321428000003,4159.669,-156.7368025124997
0.581595316,44.846677466666655,30.592580066666667,15,6,161,-0.7071067811865471,-0.7071067811865479,3175.9571428,3635.4077,-459.45057204375007
0.3971458206666666,40.778582533333335,29.8809834,16,6,161,-0.8660254037844385,-0.5000000000000004,3272.1946429,2892.6433,379.55133235312496
0.0,23.5481262,25.74157933333333,19,6,161,-0.9659258262890684,0.2588190451025203,0.0,21.308815,-21.308815002441406
0.0,22.23764033333333,24.670693000000004,20,6,161,-0.8660254037844386,0.5000000000000001,0.0,21.308815,-21.308815002441406
0.0,21.96341146666666,24.260123600000004,20,6,161,-0.8660254037844386,0.5000000000000001,0.0,21.308815,-21.308815002441406
0.0,21.05003653333333,23.53315420000001,21,6,161,-0.7071067811865477,0.7071067811865474,0.0,21.308815,-21.308815002441406
0.0,20.686539866666667,22.825907333333337,23,6,161,-0.25881904510252157,0.9659258262890681,0.0,21.308815,-21.308815002441406
0.0,20.73139866666667,22.56594833333333,1,6,162,0.25881904510252074,0.9659258262890683,0.0,6.960349,-6.960349082946777
0.0,19.941762333333333,22.039939333333336,3,6,162,0.7071067811865476,0.7071067811865476,0.0,6.960349,-6.960349082946777
0.2062544126666666,33.531537,25.02677213333333,8,6,162,0.8660254037844387,-0.4999999999999998,1132.5803571000001,1320.9509,-188.37057063437487
0.5869376799999999,41.63306128571429,26.62600271428571,9,6,162,0.7071067811865476,-0.7071067811865475,3691.8803572,3762.8694,-70.98902756562484
0.576820234,43.41336893333333,27.044360466666664,9,6,162,0.7071067811865476,-0.7071067811865475,4166.7303571,3644.783,521.9473981156252
0.4474333473333334,41.88674519999999,27.166434800000005,9,6,162,0.7071067811865476,-0.7071067811865475,2872.2232143,2509.2463,362.9768764093751
0.6853178500000001,45.56717713333333,28.499033466666667,11,6,162,0.258819045102521,-0.9659258262890682,1931.4071429,2950.675,-1019.267905928125
0.869060306,54.239634266666656,30.189037933333328,12,6,162,1.2246467991473532e-16,-1.0,4974.6857145,4035.347,939.3387906718754
0.8686483159999999,53.7302392,30.080072133333328,12,6,162,1.2246467991473532e-16,-1.0,1192.5125,3213.5847,-2021.072216796875
0.2919487846666666,29.65835566666667,25.028104666666668,15,6,162,-0.7071067811865471,-0.7071067811865479,1818.5785713999999,1849.8698,-31.291179576562627
0.2474112733333333,32.45616233333334,25.1799176,15,6,162,-0.7071067811865471,-0.7071067811865479,2210.6285714,1718.6962,491.93240440781256
0.1932886153333333,32.08403093333333,26.307415666666667,16,6,162,-0.8660254037844385,-0.5000000000000004,820.7392857,1064.5045,-243.76523090156252
0.17003262,30.701261466666665,26.0763428,17,6,162,-0.9659258262890683,-0.25881904510252063,248.3857143,838.9267,-590.5409824773437
0.0,22.53573606666667,23.8389954,20,6,162,-0.8660254037844386,0.5000000000000001,0.0,6.9278994,-6.927899360656738
0.0,21.24188433333333,22.29684226666667,21,6,162,-0.7071067811865477,0.7071067811865474,0.0,22.380583,-22.380582809448242
0.0,20.468538571428567,22.00165442857143,22,6,162,-0.5000000000000004,0.8660254037844384,0.0,22.380583,-22.380582809448242
0.0,20.85657953333333,22.014015666666666,22,6,162,-0.5000000000000004,0.8660254037844384,0.0,22.380583,-22.380582809448242
0.0,21.613045333333336,22.643738066666664,23,6,162,-0.25881904510252157,0.9659258262890681,0.0,15.063123,-15.063122749328613
0.0,21.784452266666666,22.739367733333328,0,6,163,0.0,1.0,0.0,-0.35711575,0.3571157455444336
0.0,21.36869693333333,22.373763,1,6,163,0.25881904510252074,0.9659258262890683,0.0,6.960349,-6.960349082946777
0.0,19.529553,21.1515158,4,6,163,0.8660254037844386,0.5000000000000001,0.0,6.960349,-6.960349082946777
0.0115848330599999,20.6757548,21.87074993333333,6,6,163,1.0,6.123233995736766e-17,59.78571429,54.706314,5.079400203085939
0.1892255126666666,28.704862466666665,23.1288086,8,6,163,0.8660254037844387,-0.4999999999999998,826.6142858000001,876.8642,-50.24991097734369
0.388530498,36.50444326666668,25.753749666666668,10,6,163,0.49999999999999994,-0.8660254037844387,2954.3035714000002,2781.0623,173.24131554062524
0.4614137253333333,40.65225413333333,27.793925066666667,13,6,163,-0.2588190451025208,-0.9659258262890683,1393.4285714,1872.2844,-478.855852428125
