DATE_TIME,PLANT_ID,SOURCE_KEY,AMBIENT_TEMPERATURE,MODULE_TEMPERATURE,IRRADIATION
2020-05-15 00:00:00,4135001,HmiyD2TTLFNqkNe,25.184316133333333,22.8575074,0.0
2020-05-15 03:30:00,4135001,HmiyD2TTLFNqkNe,24.93773193333333,24.060296533333336,0.0
2020-05-15 04:15:00,4135001,HmiyD2TTLFNqkNe,24.3519308,21.78364253333333,0.0
2020-05-15 05:30:00,4135001,HmiyD2TTLFNqkNe,24.328727266666665,23.452380466666668,0.0
2020-05-15 06:15:00,4135001,HmiyD2TTLFNqkNe,24.01163526666667,22.35345866666667,0.0222816074666666
2020-05-15 07:15:00,4135001,HmiyD2TTLFNqkNe,24.8159595,28.888477857142853,0.1547126757142856
2020-05-15 07:30:00,4135001,HmiyD2TTLFNqkNe,24.988789866666668,29.6056438,0.1487991533333333
2020-05-15 07:45:00,4135001,HmiyD2TTLFNqkNe,25.21618033333333,29.547110933333336,0.1447934189333333
2020-05-15 08:00:00,4135001,HmiyD2TTLFNqkNe,25.41951306666667,31.412544733333327,0.2016386213333333
2020-05-15 10:45:00,4135001,HmiyD2TTLFNqkNe,28.854707866666665,44.048325600000005,0.3619616539999999
2020-05-15 11:00:00,4135001,HmiyD2TTLFNqkNe,29.410819333333336,47.68545339999999,0.6365608813333332
2020-05-15 11:15:00,4135001,HmiyD2TTLFNqkNe,30.21606228571428,50.006988571428565,0.5857872135714286
2020-05-15 12:00:00,4135001,HmiyD2TTLFNqkNe,31.305375066666663,49.183583533333326,0.5149625866666667
2020-05-15 12:45:00,4135001,HmiyD2TTLFNqkNe,32.39142040000001,50.631239933333326,0.761243312
2020-05-15 13:00:00,4135001,HmiyD2TTLFNqkNe,32.622796071428574,49.610767714285714,0.4160351014285714
2020-05-15 14:00:00,4135001,HmiyD2TTLFNqkNe,33.763185400000005,49.80390433333333,0.7350834633333333
2020-05-15 15:45:00,4135001,HmiyD2TTLFNqkNe,34.430942666666674,43.9206158,0.3462306933333333
2020-05-15 16:45:00,4135001,HmiyD2TTLFNqkNe,33.86159653333333,39.419075933333325,0.260346758
2020-05-15 17:15:00,4135001,HmiyD2TTLFNqkNe,33.30025473333334,35.852207400000005,0.1738986373333333
2020-05-15 17:30:00,4135001,HmiyD2TTLFNqkNe,33.03212220000001,34.3384004,0.08716189
2020-05-15 18:15:00,4135001,HmiyD2TTLFNqkNe,29.243110933333337,28.6825074,0.00914994484
2020-05-15 19:00:00,4135001,HmiyD2TTLFNqkNe,27.455975400000003,25.38531306666667,0.0
2020-05-15 20:00:00,4135001,HmiyD2TTLFNqkNe,22.66317964285714,20.290725714285717,0.0
2020-05-15 21:45:00,4135001,HmiyD2TTLFNqkNe,22.236828466666665,20.914416666666668,0.0
2020-05-15 22:00:00,4135001,HmiyD2TTLFNqkNe,22.22185842857143,20.895703928571425,0.0
2020-05-16 02:00:00,4135001,HmiyD2TTLFNqkNe,21.68216,20.072144,0.0
2020-05-16 04:15:00,4135001,HmiyD2TTLFNqkNe,21.89991073333333,20.712640333333333,0.0
2020-05-16 05:45:00,4135001,HmiyD2TTLFNqkNe,21.959989266666664,20.5434348,0.0001471694642
2020-05-16 06:30:00,4135001,HmiyD2TTLFNqkNe,21.985833666666664,21.195638,0.0495149681333333
2020-05-16 08:45:00,4135001,HmiyD2TTLFNqkNe,25.757175666666665,38.892010733333336,0.4700814853333333
2020-05-16 09:45:00,4135001,HmiyD2TTLFNqkNe,27.030969466666665,41.825665333333326,0.5405936786666665
2020-05-16 12:15:00,4135001,HmiyD2TTLFNqkNe,30.376898714285712,48.67528185714285,0.5404251285714285
2020-05-16 12:30:00,4135001,HmiyD2TTLFNqkNe,30.8864686,50.44957046666666,0.76711941
2020-05-16 13:30:00,4135001,HmiyD2TTLFNqkNe,31.617256666666663,49.747872,0.5838647386666667
2020-05-16 14:00:00,4135001,HmiyD2TTLFNqkNe,31.423628733333334,46.57489593333333,0.435684946
2020-05-16 14:45:00,4135001,HmiyD2TTLFNqkNe,32.3501976,46.20359726666666,0.5149644066666667
2020-05-16 16:00:00,4135001,HmiyD2TTLFNqkNe,32.029101733333334,37.712012,0.2276812526666666
2020-05-16 16:45:00,4135001,HmiyD2TTLFNqkNe,31.88745533333333,34.781236066666665,0.150128168
2020-05-16 19:15:00,4135001,HmiyD2TTLFNqkNe,27.9578898,25.1996236,0.0
2020-05-16 20:15:00,4135001,HmiyD2TTLFNqkNe,26.701993733333328,24.079714066666664,0.0
2020-05-16 21:15:00,4135001,HmiyD2TTLFNqkNe,25.61655473333333,22.952588,0.0
2020-05-16 22:00:00,4135001,HmiyD2TTLFNqkNe,25.0534728,22.2860412,0.0
2020-05-16 22:15:00,4135001,HmiyD2TTLFNqkNe,24.8400106,22.0829142,0.0
2020-05-16 22:30:00,4135001,HmiyD2TTLFNqkNe,24.612066533333333,21.97715853333333,0.0
2020-05-16 22:45:00,4135001,HmiyD2TTLFNqkNe,24.492980857142857,22.052697285714284,0.0
2020-05-16 23:00:00,4135001,HmiyD2TTLFNqkNe,24.461625066666663,22.18635246666667,0.0
2020-05-16 23:15:00,4135001,HmiyD2TTLFNqkNe,24.39256806666667,22.2029236,0.0
2020-05-17 00:30:00,4135001,HmiyD2TTLFNqkNe,23.8949484,21.48822633333333,0.0
2020-05-17 00:45:00,4135001,HmiyD2TTLFNqkNe,23.936809,21.515644642857144,0.0
2020-05-17 01:45:00,4135001,HmiyD2TTLFNqkNe,23.726536066666668,21.646289066666665,0.0
2020-05-17 02:45:00,4135001,HmiyD2TTLFNqkNe,23.265284928571425,21.255172642857147,0.0
2020-05-17 03:15:00,4135001,HmiyD2TTLFNqkNe,23.213891600000004,21.4639018,0.0
2020-05-17 03:45:00,4135001,HmiyD2TTLFNqkNe,22.941931,20.8091066,0.0
2020-05-17 05:30:00,4135001,HmiyD2TTLFNqkNe,22.549147400000003,21.070228933333333,0.0
2020-05-17 06:45:00,4135001,HmiyD2TTLFNqkNe,22.94856573333333,22.59763193333333,0.0679046076
2020-05-17 07:30:00,4135001,HmiyD2TTLFNqkNe,23.908458142857143,27.4991695,0.2219224921428571
2020-05-17 08:15:00,4135001,HmiyD2TTLFNqkNe,25.646803733333336,37.81797673333334,0.3835502693333333
2020-05-17 09:15:00,4135001,HmiyD2TTLFNqkNe,27.985940285714285,45.11740971428571,0.4417064292857143
2020-05-17 12:00:00,4135001,HmiyD2TTLFNqkNe,32.495967666666665,56.101076266666674,0.635450962
2020-05-17 13:00:00,4135001,HmiyD2TTLFNqkNe,33.88692626666666,53.80755813333333,0.4224988753333333
2020-05-17 14:30:00,4135001,HmiyD2TTLFNqkNe,34.02411533333334,44.905969266666666,0.3150899026666667
2020-05-17 14:45:00,4135001,HmiyD2TTLFNqkNe,34.147082733333335,47.63582766666666,0.6598271179999999
2020-05-17 16:15:00,4135001,HmiyD2TTLFNqkNe,31.03193885714285,39.526938357142846,0.3384331157142856
2020-05-17 17:30:00,4135001,HmiyD2TTLFNqkNe,27.601739071428568,29.47836742857143,0.0945128417142857
2020-05-17 18:15:00,4135001,HmiyD2TTLFNqkNe,26.136122600000004,25.373767200000003,0.0103677880266666
2020-05-17 18:45:00,4135001,HmiyD2TTLFNqkNe,25.99661440000001,24.617095866666663,0.0
2020-05-17 19:00:00,4135001,HmiyD2TTLFNqkNe,25.8602378,24.0412028,0.0
2020-05-17 20:30:00,4135001,HmiyD2TTLFNqkNe,25.29024046666667,23.789335066666663,0.0
2020-05-17 21:15:00,4135001,HmiyD2TTLFNqkNe,22.50401006666667,21.093290266666667,0.0
2020-05-17 22:15:00,4135001,HmiyD2TTLFNqkNe,21.260813466666665,20.511558,0.0
2020-05-18 00:30:00,4135001,HmiyD2TTLFNqkNe,21.14206753333333,20.531305,0.0
2020-05-18 01:15:00,4135001,HmiyD2TTLFNqkNe,20.989664666666663,20.38562406666667,0.0
2020-05-18 03:00:00,4135001,HmiyD2TTLFNqkNe,21.25834353333333,20.346830266666668,0.0
2020-05-18 03:30:00,4135001,HmiyD2TTLFNqkNe,21.370375666666664,21.00739133333333,0.0
2020-05-18 04:45:00,4135001,HmiyD2TTLFNqkNe,20.961525466666664,19.47753106666667,0.0
2020-05-18 05:15:00,4135001,HmiyD2TTLFNqkNe,21.127661266666664,20.065865,0.0
2020-05-18 05:30:00,4135001,HmiyD2TTLFNqkNe,21.194393066666667,20.01042266666667,0.0
2020-05-18 08:00:00,4135001,HmiyD2TTLFNqkNe,23.232289466666664,26.9630168,0.0829558039333333
2020-05-18 09:00:00,4135001,HmiyD2TTLFNqkNe,23.7412598,27.860758533333332,0.1154349828
2020-05-18 09:15:00,4135001,HmiyD2TTLFNqkNe,23.763322,27.507177666666667,0.1104082978666666
2020-05-18 10:15:00,4135001,HmiyD2TTLFNqkNe,23.838385,27.240083733333336,0.1422467350666666
2020-05-18 11:00:00,4135001,HmiyD2TTLFNqkNe,24.86980793333333,37.53728039999999,0.4349046853333333
2020-05-18 11:15:00,4135001,HmiyD2TTLFNqkNe,25.1295838,39.552423133333335,0.4847505873333333
2020-05-18 11:45:00,4135001,HmiyD2TTLFNqkNe,25.215167266666665,37.6112162,0.4148831933333333
2020-05-18 12:00:00,4135001,HmiyD2TTLFNqkNe,25.70663053333333,41.3690166,0.5623129906666666
2020-05-18 13:30:00,4135001,HmiyD2TTLFNqkNe,27.371872999999997,49.5876018,0.8068469279999999
2020-05-18 13:45:00,4135001,HmiyD2TTLFNqkNe,27.86127913333333,52.84501126666667,0.97148052
2020-05-18 16:30:00,4135001,HmiyD2TTLFNqkNe,27.230830933333333,34.6317082,0.2568065713333334
2020-05-18 17:15:00,4135001,HmiyD2TTLFNqkNe,26.434037266666667,29.21453033333333,0.1109690122
2020-05-18 19:15:00,4135001,HmiyD2TTLFNqkNe,24.498402866666662,23.097552533333328,0.0
2020-05-18 21:00:00,4135001,HmiyD2TTLFNqkNe,23.72655033333333,21.563179466666668,0.0
2020-05-18 22:15:00,4135001,HmiyD2TTLFNqkNe,22.913321142857136,20.759881142857136,0.0
2020-05-18 22:45:00,4135001,HmiyD2TTLFNqkNe,22.8157798,20.72792366666667,0.0
2020-05-18 23:15:00,4135001,HmiyD2TTLFNqkNe,22.8566712,21.085955733333336,0.0
2020-05-19 03:30:00,4135001,HmiyD2TTLFNqkNe,23.0468344,20.812300666666665,0.0
2020-05-19 05:00:00,4135001,HmiyD2TTLFNqkNe,23.351676466666664,21.251873733333333,0.0
2020-05-19 07:15:00,4135001,HmiyD2TTLFNqkNe,24.505352933333327,27.033671066666663,0.1875066193333333
2020-05-19 08:45:00,4135001,HmiyD2TTLFNqkNe,25.79166053333333,34.815734666666664,0.2735150473333333
2020-05-19 09:15:00,4135001,HmiyD2TTLFNqkNe,26.495521866666664,39.636977133333325,0.4241181026666666
2020-05-19 09:30:00,4135001,HmiyD2TTLFNqkNe,27.322759933333337,45.7407144,0.6465474886666664
2020-05-19 10:15:00,4135001,HmiyD2TTLFNqkNe,27.712921,43.051186571428566,0.5924935807142857
2020-05-19 10:45:00,4135001,HmiyD2TTLFNqkNe,27.81567373333333,43.86323240000001,0.601559176
2020-05-19 12:30:00,4135001,HmiyD2TTLFNqkNe,29.644663666666663,49.07784,0.73832813
2020-05-19 13:15:00,4135001,HmiyD2TTLFNqkNe,29.9082072,49.460659,0.5473548466666667
2020-05-19 15:00:00,4135001,HmiyD2TTLFNqkNe,30.22064013333333,46.65866706666667,0.5274703919999999
2020-05-19 15:30:00,4135001,HmiyD2TTLFNqkNe,29.785141866666667,40.8995442,0.4500676046666667
2020-05-19 15:45:00,4135001,HmiyD2TTLFNqkNe,29.76168613333333,40.82955953333333,0.3798659046666666
2020-05-19 16:30:00,4135001,HmiyD2TTLFNqkNe,29.6577312,39.18270073333333,0.3286678413333333
2020-05-19 17:00:00,4135001,HmiyD2TTLFNqkNe,29.096531133333336,34.4538818,0.1892608939999999
2020-05-19 17:15:00,4135001,HmiyD2TTLFNqkNe,28.59915553333333,31.82115473333333,0.1278067490666667
2020-05-19 18:00:00,4135001,HmiyD2TTLFNqkNe,25.0463766,25.426198266666667,0.0015752938426666
2020-05-19 18:15:00,4135001,HmiyD2TTLFNqkNe,23.2004924,22.072212666666665,0.0003286336506666
2020-05-19 19:45:00,4135001,HmiyD2TTLFNqkNe,22.490025066666668,20.333485733333337,0.0
2020-05-19 20:00:00,4135001,HmiyD2TTLFNqkNe,22.388783866666664,20.06214393333333,0.0
2020-05-19 21:45:00,4135001,HmiyD2TTLFNqkNe,23.8231872,21.24833566666667,0.0
2020-05-19 22:30:00,4135001,HmiyD2TTLFNqkNe,23.560729933333327,21.31796673333333,0.0
2020-05-19 23:15:00,4135001,HmiyD2TTLFNqkNe,22.916650214285717,20.368068142857144,0.0
2020-05-20 00:30:00,4135001,HmiyD2TTLFNqkNe,22.217138666666667,20.21119186666667,0.0
2020-05-20 01:15:00,4135001,HmiyD2TTLFNqkNe,22.181749642857145,19.998057785714288,0.0
2020-05-20 01:30:00,4135001,HmiyD2TTLFNqkNe,22.11587533333333,19.7206116,0.0
2020-05-20 03:00:00,4135001,HmiyD2TTLFNqkNe,21.921218,19.330312066666668,0.0
2020-05-20 03:15:00,4135001,HmiyD2TTLFNqkNe,22.009416857142856,19.45787921428571,0.0
2020-05-20 04:45:00,4135001,HmiyD2TTLFNqkNe,22.078857466666665,19.3471294,0.0
2020-05-20 05:00:00,4135001,HmiyD2TTLFNqkNe,21.985909,19.168965533333328,0.0
2020-05-20 07:15:00,4135001,HmiyD2TTLFNqkNe,22.93633213333333,23.896433466666668,0.1989128933333333
2020-05-20 08:45:00,4135001,HmiyD2TTLFNqkNe,26.212556866666667,40.39654946666667,0.5104697813333334
2020-05-20 10:00:00,4135001,HmiyD2TTLFNqkNe,28.077587800000003,48.34034806666667,0.7516814453333333
2020-05-20 10:15:00,4135001,HmiyD2TTLFNqkNe,28.2830628,49.19147753333333,0.8096695786666664
2020-05-20 11:15:00,4135001,HmiyD2TTLFNqkNe,29.735261933333334,53.64847206666667,0.9000696606666667
2020-05-20 19:15:00,4135001,HmiyD2TTLFNqkNe,26.32090453333333,23.766420599999996,0.0
2020-05-20 19:30:00,4135001,HmiyD2TTLFNqkNe,26.058491933333336,23.3778504,0.0
2020-05-20 20:30:00,4135001,HmiyD2TTLFNqkNe,25.282519466666667,22.43654993333333,0.0
2020-05-20 21:15:00,4135001,HmiyD2TTLFNqkNe,24.820863733333333,22.009299599999995,0.0
2020-05-20 22:00:00,4135001,HmiyD2TTLFNqkNe,24.3762818,21.520674666666668,0.0
2020-05-20 23:30:00,4135001,HmiyD2TTLFNqkNe,23.589625571428574,20.5728825,0.0
2020-05-21 00:15:00,4135001,HmiyD2TTLFNqkNe,23.228943,20.230347,0.0
2020-05-21 09:00:00,4135001,HmiyD2TTLFNqkNe,26.186218200000003,45.974644000000005,0.6302828366666666
2020-05-21 09:15:00,4135001,HmiyD2TTLFNqkNe,26.82428842857143,48.745747214285714,0.6764482221428572
2020-05-21 09:45:00,4135001,HmiyD2TTLFNqkNe,27.690804,51.029305,0.7722379753333333
2020-05-21 10:45:00,4135001,HmiyD2TTLFNqkNe,28.85416453333333,51.79728806666666,0.754716712
2020-05-21 11:30:00,4135001,HmiyD2TTLFNqkNe,30.12836306666667,61.4558144,1.033489496666667
2020-05-21 11:45:00,4135001,HmiyD2TTLFNqkNe,30.494291133333338,60.050757,0.8877618960000001
2020-05-21 12:15:00,4135001,HmiyD2TTLFNqkNe,30.804624466666667,58.6477848,0.8879575373333333
2020-05-21 12:30:00,4135001,HmiyD2TTLFNqkNe,30.550409,50.88379926666666,0.5801343633333333
2020-05-21 13:30:00,4135001,HmiyD2TTLFNqkNe,31.723678357142855,57.42826607142857,0.7764669535714287
2020-05-21 15:00:00,4135001,HmiyD2TTLFNqkNe,32.33336766666667,52.991542466666665,0.7409205246666666
2020-05-21 15:45:00,4135001,HmiyD2TTLFNqkNe,32.14568913333334,45.14951980000001,0.3742929606666666
2020-05-21 16:00:00,4135001,HmiyD2TTLFNqkNe,31.600370266666665,40.34497666666666,0.273557416
2020-05-21 19:00:00,4135001,HmiyD2TTLFNqkNe,26.84853057142857,24.62852907142857,0.0
2020-05-21 19:30:00,4135001,HmiyD2TTLFNqkNe,26.023022466666667,23.832366933333336,0.0
2020-05-21 20:00:00,4135001,HmiyD2TTLFNqkNe,25.5864014,23.286395266666663,0.0
2020-05-21 20:15:00,4135001,HmiyD2TTLFNqkNe,25.35796506666667,23.092466200000004,0.0
2020-05-21 20:45:00,4135001,HmiyD2TTLFNqkNe,24.8719178,22.620530266666663,0.0
2020-05-21 21:00:00,4135001,HmiyD2TTLFNqkNe,24.680324266666663,22.335959933333328,0.0
2020-05-21 21:45:00,4135001,HmiyD2TTLFNqkNe,24.369700133333332,22.03935133333333,0.0
2020-05-21 23:00:00,4135001,HmiyD2TTLFNqkNe,23.978326266666667,21.3030558,0.0
2020-05-21 23:15:00,4135001,HmiyD2TTLFNqkNe,23.922380642857146,21.196879785714284,0.0
2020-05-21 23:30:00,4135001,HmiyD2TTLFNqkNe,23.8922364,21.126922666666665,0.0
2020-05-22 01:45:00,4135001,HmiyD2TTLFNqkNe,23.4903992,22.2411336,0.0
2020-05-22 07:00:00,4135001,HmiyD2TTLFNqkNe,23.4338724,24.7448954,0.1108917472
2020-05-22 10:00:00,4135001,HmiyD2TTLFNqkNe,27.585662733333333,42.06701466666666,0.5426874133333333
2020-05-22 14:00:00,4135001,HmiyD2TTLFNqkNe,31.882248142857144,54.65764728571429,0.7605472914285714
2020-05-22 15:30:00,4135001,HmiyD2TTLFNqkNe,32.31323666666667,43.588924266666666,0.3465496533333333
2020-05-22 16:00:00,4135001,HmiyD2TTLFNqkNe,31.29693813333333,39.07873533333333,0.223404308
2020-05-22 16:30:00,4135001,HmiyD2TTLFNqkNe,30.2077474,34.96258519999999,0.1562854073333333
2020-05-22 17:45:00,4135001,HmiyD2TTLFNqkNe,28.826326714285717,29.096067142857144,0.0369035885714285
2020-05-22 19:15:00,4135001,HmiyD2TTLFNqkNe,27.355753666666665,25.7008974,0.0
2020-05-22 19:45:00,4135001,HmiyD2TTLFNqkNe,26.941038066666668,25.36680293333333,0.0
2020-05-22 21:30:00,4135001,HmiyD2TTLFNqkNe,26.3497904,25.225801600000004,0.0
2020-05-22 22:45:00,4135001,HmiyD2TTLFNqkNe,23.2145264,21.719091866666663,0.0
2020-05-23 02:00:00,4135001,HmiyD2TTLFNqkNe,21.74084266666667,20.4955098,0.0
2020-05-23 04:15:00,4135001,HmiyD2TTLFNqkNe,22.1400958,21.1670512,0.0
2020-05-23 07:15:00,4135001,HmiyD2TTLFNqkNe,22.7378764,24.8963014,0.14642804
2020-05-23 07:45:00,4135001,HmiyD2TTLFNqkNe,23.517870071428572,30.984898285714287,0.2691330578571429
2020-05-23 10:15:00,4135001,HmiyD2TTLFNqkNe,28.02329086666667,47.408421,0.6361480606666667
2020-05-23 12:30:00,4135001,HmiyD2TTLFNqkNe,31.12965493333333,65.54571366666664,0.954939324
2020-05-23 12:45:00,4135001,HmiyD2TTLFNqkNe,31.10980833333333,58.53033853333333,0.6678877380000001
2020-05-23 13:30:00,4135001,HmiyD2TTLFNqkNe,32.174080466666666,59.10431306666667,0.9360600806666666
2020-05-23 14:45:00,4135001,HmiyD2TTLFNqkNe,32.598390733333325,48.28102199999999,0.5062324326666667
2020-05-23 16:45:00,4135001,HmiyD2TTLFNqkNe,31.88587833333333,41.18470279999999,0.2978837853333333
2020-05-23 17:45:00,4135001,HmiyD2TTLFNqkNe,29.63169753333333,32.23251346666666,0.1122409709333333
2020-05-23 20:00:00,4135001,HmiyD2TTLFNqkNe,26.9254904,25.399934866666666,0.0
2020-05-23 21:15:00,4135001,HmiyD2TTLFNqkNe,26.0939412,23.791683066666668,0.0
2020-05-23 22:30:00,4135001,HmiyD2TTLFNqkNe,25.488665666666662,23.103936733333327,0.0
2020-05-24 00:15:00,4135001,HmiyD2TTLFNqkNe,24.538547666666663,21.8853208,0.0
2020-05-24 01:15:00,4135001,HmiyD2TTLFNqkNe,24.211336266666667,21.765153,0.0
2020-05-24 01:45:00,4135001,HmiyD2TTLFNqkNe,24.47437553333333,22.922821066666668,0.0
2020-05-24 02:15:00,4135001,HmiyD2TTLFNqkNe,24.6126954,22.74956053333333,0.0
2020-05-24 02:30:00,4135001,HmiyD2TTLFNqkNe,24.401302066666663,22.162550733333337,0.0
2020-05-24 02:45:00,4135001,HmiyD2TTLFNqkNe,24.0961324,21.322037666666663,0.0
2020-05-24 03:00:00,4135001,HmiyD2TTLFNqkNe,24.0066,21.193375733333337,0.0
2020-05-24 04:15:00,4135001,HmiyD2TTLFNqkNe,23.90087886666667,21.493794800000007,0.0
2020-05-24 07:15:00,4135001,HmiyD2TTLFNqkNe,24.857926333333328,28.002966266666665,0.2052391053333333
2020-05-24 07:45:00,4135001,HmiyD2TTLFNqkNe,25.920839642857143,33.56302542857142,0.323376125
2020-05-24 09:30:00,4135001,HmiyD2TTLFNqkNe,27.864129466666668,43.693817200000005,0.56387132
2020-05-24 09:45:00,4135001,HmiyD2TTLFNqkNe,27.86592971428571,42.949353714285714,0.51719428
2020-05-24 11:00:00,4135001,HmiyD2TTLFNqkNe,29.893628,56.54914560000001,0.7758027066666667
2020-05-24 14:15:00,4135001,HmiyD2TTLFNqkNe,33.551989866666666,58.270271933333326,0.8323255766666667
2020-05-24 16:45:00,4135001,HmiyD2TTLFNqkNe,32.72574673333334,39.121545600000005,0.3035469626666667
2020-05-24 17:15:00,4135001,HmiyD2TTLFNqkNe,32.515638933333335,38.29546746666666,0.199998688
2020-05-24 19:45:00,4135001,HmiyD2TTLFNqkNe,27.721820066666663,25.952933733333335,0.0
2020-05-24 20:15:00,4135001,HmiyD2TTLFNqkNe,27.12241393333333,25.596382866666666,0.0
2020-05-24 22:15:00,4135001,HmiyD2TTLFNqkNe,24.7625794,23.2487568,0.0
2020-05-25 00:15:00,4135001,HmiyD2TTLFNqkNe,23.576312266666665,22.5190776,0.0
2020-05-25 01:00:00,4135001,HmiyD2TTLFNqkNe,23.813157266666668,22.72366926666666,0.0
2020-05-25 08:15:00,4135001,HmiyD2TTLFNqkNe,24.931500133333333,34.9920044,0.4445730093333333
2020-05-25 10:15:00,4135001,HmiyD2TTLFNqkNe,29.217750933333328,53.50141380000001,0.8341566393333333
2020-05-25 11:00:00,4135001,HmiyD2TTLFNqkNe,30.38230993333333,59.35841486666666,0.9131820933333334
2020-05-25 11:30:00,4135001,HmiyD2TTLFNqkNe,31.036269066666662,60.58494866666666,0.947984686
2020-05-25 12:15:00,4135001,HmiyD2TTLFNqkNe,32.02379753333333,58.25814226666666,0.970586436
2020-05-25 14:00:00,4135001,HmiyD2TTLFNqkNe,33.32365333333333,58.80879913333334,0.8607233646666665
2020-05-25 16:30:00,4135001,HmiyD2TTLFNqkNe,33.7051188,39.0915042,0.1337362736666667
2020-05-25 17:00:00,4135001,HmiyD2TTLFNqkNe,32.63336773333333,33.21449166666667,0.0755440882
2020-05-25 18:15:00,4135001,HmiyD2TTLFNqkNe,28.77471533333333,27.363647333333333,0.0165713633
2020-05-25 20:00:00,4135001,HmiyD2TTLFNqkNe,25.98317053333333,22.6132344,0.0
2020-05-25 20:30:00,4135001,HmiyD2TTLFNqkNe,26.3512246,24.133376066666667,0.0
2020-05-25 23:30:00,4135001,HmiyD2TTLFNqkNe,22.470717400000005,19.818194466666668,0.0
2020-05-26 01:45:00,4135001,HmiyD2TTLFNqkNe,22.17399293333333,19.648162866666667,0.0
2020-05-26 02:15:00,4135001,HmiyD2TTLFNqkNe,21.980529733333327,19.47120353333333,0.0
2020-05-26 02:45:00,4135001,HmiyD2TTLFNqkNe,21.402293,18.911025,0.0
2020-05-26 03:30:00,4135001,HmiyD2TTLFNqkNe,21.37924393333333,19.249369266666665,0.0
2020-05-26 06:15:00,4135001,HmiyD2TTLFNqkNe,22.62713006666667,20.668404133333333,0.0287589122
2020-05-26 07:30:00,4135001,HmiyD2TTLFNqkNe,24.416178333333328,29.170227,0.2717468766666666
2020-05-26 08:45:00,4135001,HmiyD2TTLFNqkNe,26.999525933333327,43.4644392,0.5608459200000001
2020-05-26 09:15:00,4135001,HmiyD2TTLFNqkNe,27.668807,48.98255793333334,0.666398724
2020-05-26 10:00:00,4135001,HmiyD2TTLFNqkNe,28.9688944,54.075234266666655,0.8155462639999999
2020-05-26 10:30:00,4135001,HmiyD2TTLFNqkNe,29.580118799999997,57.320168,0.9841090573333332
2020-05-26 12:15:00,4135001,HmiyD2TTLFNqkNe,31.35813793333333,59.133262,1.0541559813333337
2020-05-26 15:15:00,4135001,HmiyD2TTLFNqkNe,32.39553246666666,42.82737193333334,0.319140978
2020-05-26 17:15:00,4135001,HmiyD2TTLFNqkNe,32.083526600000006,36.04578060000001,0.0699064925333333
2020-05-26 19:45:00,4135001,HmiyD2TTLFNqkNe,26.344228133333328,24.456264266666665,0.0
2020-05-26 20:15:00,4135001,HmiyD2TTLFNqkNe,25.6798888,22.87546186666667,0.0
2020-05-26 23:00:00,4135001,HmiyD2TTLFNqkNe,25.312601666666662,23.815649266666664,0.0
2020-05-27 00:15:00,4135001,HmiyD2TTLFNqkNe,23.3878704,21.7501342,0.0
2020-05-27 01:15:00,4135001,HmiyD2TTLFNqkNe,23.5569438,22.1949502,0.0
2020-05-27 01:30:00,4135001,HmiyD2TTLFNqkNe,23.6097004,22.218638066666667,0.0
2020-05-27 03:30:00,4135001,HmiyD2TTLFNqkNe,24.007735066666665,21.68212693333333,0.0
2020-05-27 03:45:00,4135001,HmiyD2TTLFNqkNe,23.8672546,21.50230326666667,0.0
2020-05-27 04:15:00,4135001,HmiyD2TTLFNqkNe,23.4968382,21.601784133333336,0.0
2020-05-27 05:00:00,4135001,HmiyD2TTLFNqkNe,23.591532466666663,21.53707273333333,0.0
2020-05-27 05:30:00,4135001,HmiyD2TTLFNqkNe,23.406447400000005,21.700998933333334,0.0
2020-05-27 06:15:00,4135001,HmiyD2TTLFNqkNe,23.13891793333333,21.6591104,0.0275747859333333
2020-05-27 06:30:00,4135001,HmiyD2TTLFNqkNe,23.3408814,22.568992,0.0606357090666666
2020-05-27 07:00:00,4135001,HmiyD2TTLFNqkNe,24.464884533333333,24.944256533333338,0.1616571346666666
2020-05-27 07:15:00,4135001,HmiyD2TTLFNqkNe,24.711029066666665,25.490907733333334,0.1542123409333333
2020-05-27 08:45:00,4135001,HmiyD2TTLFNqkNe,27.553778,41.08350839999999,0.5601515626666665
2020-05-27 09:45:00,4135001,HmiyD2TTLFNqkNe,29.141590642857143,50.96223692857144,0.6264925335714285
2020-05-27 10:00:00,4135001,HmiyD2TTLFNqkNe,29.011586333333334,47.639289111111104,0.66640501
2020-05-27 11:15:00,4135001,HmiyD2TTLFNqkNe,30.1848064,50.714097,0.8336664386666666
2020-05-27 14:30:00,4135001,HmiyD2TTLFNqkNe,32.7693424,47.220991733333335,0.6554787686666667
2020-05-27 17:45:00,4135001,HmiyD2TTLFNqkNe,29.846213866666663,30.149639866666664,0.042321342
2020-05-27 21:15:00,4135001,HmiyD2TTLFNqkNe,23.238674,21.1259462,0.0
2020-05-27 22:30:00,4135001,HmiyD2TTLFNqkNe,22.904701733333336,20.862552933333337,0.0
2020-05-28 00:45:00,4135001,HmiyD2TTLFNqkNe,23.120672733333333,21.7263734,0.0
2020-05-28 01:00:00,4135001,HmiyD2TTLFNqkNe,23.027730200000004,21.05123893333333,0.0
2020-05-28 02:00:00,4135001,HmiyD2TTLFNqkNe,22.5432046,20.551021333333335,0.0
2020-05-28 02:45:00,4135001,HmiyD2TTLFNqkNe,22.4661296,20.652756666666665,0.0
2020-05-28 03:00:00,4135001,HmiyD2TTLFNqkNe,22.416562866666663,20.6208456,0.0
2020-05-28 04:00:00,4135001,HmiyD2TTLFNqkNe,22.623174933333328,20.723331733333332,0.0
2020-05-28 05:00:00,4135001,HmiyD2TTLFNqkNe,22.137520266666662,19.745314466666663,0.0
2020-05-28 06:30:00,4135001,HmiyD2TTLFNqkNe,21.9106464,20.365659666666662,0.0525764360666666
2020-05-28 09:00:00,4135001,HmiyD2TTLFNqkNe,27.544490533333327,44.7877972,0.6186352253333331
2020-05-28 10:15:00,4135001,HmiyD2TTLFNqkNe,29.420182333333333,51.9404828,0.8295752813333332
2020-05-28 11:00:00,4135001,HmiyD2TTLFNqkNe,29.914223333333336,51.16156006666666,0.807332034
2020-05-28 12:15:00,4135001,HmiyD2TTLFNqkNe,32.29975366666667,60.04074324999999,1.0637222583333332
2020-05-28 12:30:00,4135001,HmiyD2TTLFNqkNe,32.15694978571428,58.43889107142857,0.8011804564285713
2020-05-28 13:00:00,4135001,HmiyD2TTLFNqkNe,32.9157552,60.926743466666665,1.0082438753333332
2020-05-28 14:15:00,4135001,HmiyD2TTLFNqkNe,32.78992792857142,46.81591135714286,0.4033134171428571
2020-05-28 15:00:00,4135001,HmiyD2TTLFNqkNe,33.397930933333335,51.453865333333326,0.7397700273333334
2020-05-28 16:45:00,4135001,HmiyD2TTLFNqkNe,32.67632835714286,38.693878142857145,0.2912888885714286
2020-05-28 17:45:00,4135001,HmiyD2TTLFNqkNe,31.476942933333337,31.634830733333327,0.0517987240666666
2020-05-28 19:15:00,4135001,HmiyD2TTLFNqkNe,27.7923808,26.7919168,0.0
2020-05-28 21:30:00,4135001,HmiyD2TTLFNqkNe,22.000267692307688,20.651951615384615,0.0
2020-05-28 21:45:00,4135001,HmiyD2TTLFNqkNe,20.613987769230768,19.553316538461537,0.0
2020-05-28 22:00:00,4135001,HmiyD2TTLFNqkNe,20.845003333333327,19.865224266666665,0.0
2020-05-28 23:30:00,4135001,HmiyD2TTLFNqkNe,21.1990866,20.352065066666665,0.0
2020-05-29 06:15:00,4135001,HmiyD2TTLFNqkNe,20.838399333333328,20.166653916666665,0.0409023354166666
2020-05-29 06:30:00,4135001,HmiyD2TTLFNqkNe,21.0031935,20.9889395,0.0663231575714285
2020-05-29 08:00:00,4135001,HmiyD2TTLFNqkNe,22.677024466666666,29.930456466666666,0.2336446046666666
2020-05-29 08:45:00,4135001,HmiyD2TTLFNqkNe,24.082292928571427,37.545538642857146,0.3933412785714285
2020-05-29 11:30:00,4135001,HmiyD2TTLFNqkNe,29.170436533333337,54.0487796,0.7256673206666666
2020-05-29 14:45:00,4135001,HmiyD2TTLFNqkNe,32.07957366666666,53.019840733333325,0.6525659726666667
2020-05-29 15:00:00,4135001,HmiyD2TTLFNqkNe,32.37420473333333,52.76566173333333,0.5593601680000001
2020-05-29 15:45:00,4135001,HmiyD2TTLFNqkNe,32.46573564285715,48.318494571428566,0.5348639064285715
2020-05-29 16:45:00,4135001,HmiyD2TTLFNqkNe,30.836218333333328,39.6094684,0.25664592
2020-05-29 18:45:00,4135001,HmiyD2TTLFNqkNe,27.0520792,25.381172666666668,0.0
2020-05-29 19:15:00,4135001,HmiyD2TTLFNqkNe,26.251810733333336,24.422851666666663,0.0
2020-05-29 20:30:00,4135001,HmiyD2TTLFNqkNe,25.6105834,24.433229466666667,0.0
2020-05-29 21:45:00,4135001,HmiyD2TTLFNqkNe,25.4170736,24.084344533333333,0.0
2020-05-29 23:15:00,4135001,HmiyD2TTLFNqkNe,21.44609786666667,20.709676,0.0
2020-05-30 00:00:00,4135001,HmiyD2TTLFNqkNe,21.52715873333333,20.8601236,0.0
2020-05-30 00:30:00,4135001,HmiyD2TTLFNqkNe,21.3664144,20.529703666666663,0.0
2020-05-30 00:45:00,4135001,HmiyD2TTLFNqkNe,21.3732096,20.504990666666664,0.0
2020-05-30 04:15:00,4135001,HmiyD2TTLFNqkNe,21.42423293333333,20.5375876,0.0
2020-05-30 04:30:00,4135001,HmiyD2TTLFNqkNe,21.4370606,20.5680806,0.0
2020-05-30 04:45:00,4135001,HmiyD2TTLFNqkNe,21.293420333333334,20.270672800000003,0.0
2020-05-30 05:30:00,4135001,HmiyD2TTLFNqkNe,21.26208493333333,20.15769046666667,0.0
2020-05-30 08:00:00,4135001,HmiyD2TTLFNqkNe,22.792192642857145,28.886864857142857,0.2194022685714285
2020-05-30 08:15:00,4135001,HmiyD2TTLFNqkNe,23.30529986666667,32.51050999999999,0.319270414
2020-05-30 10:45:00,4135001,HmiyD2TTLFNqkNe,24.85946453333333,32.48247873333333,0.348691926
2020-05-30 11:15:00,4135001,HmiyD2TTLFNqkNe,25.542982933333327,41.660313,0.715572958
2020-05-30 11:45:00,4135001,HmiyD2TTLFNqkNe,26.3615418,46.695184266666665,0.6239884299999999
2020-05-30 13:45:00,4135001,HmiyD2TTLFNqkNe,29.40827633333333,55.02622280000001,0.8897051446666668
2020-05-30 15:45:00,4135001,HmiyD2TTLFNqkNe,30.839324866666665,46.916251733333326,0.5397100973333333
2020-05-30 16:30:00,4135001,HmiyD2TTLFNqkNe,30.61301473333333,39.94118873333333,0.3143966613333332
2020-05-30 16:45:00,4135001,HmiyD2TTLFNqkNe,30.771809071428567,37.85851378571428,0.3052764092857143
2020-05-30 17:30:00,4135001,HmiyD2TTLFNqkNe,30.037693333333333,32.64035633333333,0.1410142690666667
2020-05-30 18:15:00,4135001,HmiyD2TTLFNqkNe,28.536002666666665,27.2036742,0.0194361867666666
2020-05-30 19:30:00,4135001,HmiyD2TTLFNqkNe,26.376255266666668,24.04932253333333,0.0
2020-05-30 20:45:00,4135001,HmiyD2TTLFNqkNe,24.481256200000004,23.4801616,0.0
2020-05-30 21:15:00,4135001,HmiyD2TTLFNqkNe,23.783605866666665,21.47575886666667,0.0
2020-05-30 21:45:00,4135001,HmiyD2TTLFNqkNe,23.33104853333333,21.1661254,0.0
2020-05-30 22:00:00,4135001,HmiyD2TTLFNqkNe,23.26649373333333,21.261847066666665,0.0
2020-05-30 22:45:00,4135001,HmiyD2TTLFNqkNe,23.368218866666677,21.33069053333333,0.0
2020-05-30 23:00:00,4135001,HmiyD2TTLFNqkNe,23.299794533333337,21.227034600000003,0.0
2020-05-31 01:00:00,4135001,HmiyD2TTLFNqkNe,23.73268626666667,22.616561,0.0
2020-05-31 05:30:00,4135001,HmiyD2TTLFNqkNe,22.021704133333333,20.646187266666665,0.0
2020-05-31 08:15:00,4135001,HmiyD2TTLFNqkNe,23.899300266666664,29.06023366666667,0.2427383993333333
2020-05-31 10:45:00,4135001,HmiyD2TTLFNqkNe,28.05637,52.408536733333335,0.72428377
2020-05-31 12:45:00,4135001,HmiyD2TTLFNqkNe,30.28202614285715,56.95899535714286,1.034329982142857
2020-05-31 13:00:00,4135001,HmiyD2TTLFNqkNe,30.402663066666666,58.3018188,0.6815564133333333
2020-05-31 20:30:00,4135001,HmiyD2TTLFNqkNe,24.734248933333333,22.05540973333333,0.0
2020-06-01 00:00:00,4135001,HmiyD2TTLFNqkNe,23.128673000000003,20.46430528571429,0.0
2020-06-01 00:30:00,4135001,HmiyD2TTLFNqkNe,22.96749253333333,20.269492666666668,0.0
2020-06-01 01:30:00,4135001,HmiyD2TTLFNqkNe,22.34894813333333,20.2015706,0.0
2020-06-01 02:45:00,4135001,HmiyD2TTLFNqkNe,21.9381226,20.0180746,0.0
2020-06-01 03:00:00,4135001,HmiyD2TTLFNqkNe,21.76579393333333,19.6118978,0.0
2020-06-01 03:45:00,4135001,HmiyD2TTLFNqkNe,21.468520066666667,19.54833973333333,0.0
2020-06-01 04:30:00,4135001,HmiyD2TTLFNqkNe,21.489196866666664,19.8354494,0.0
2020-06-01 05:15:00,4135001,HmiyD2TTLFNqkNe,21.34605493333333,19.5410582,0.0
2020-06-01 06:00:00,4135001,HmiyD2TTLFNqkNe,21.2783936,19.96554366666667,0.0083067844
2020-06-01 06:15:00,4135001,HmiyD2TTLFNqkNe,21.563067533333328,20.756795266666668,0.0331196089333333
2020-06-01 06:30:00,4135001,HmiyD2TTLFNqkNe,21.887721666666664,21.544547666666663,0.0685966837333333
2020-06-01 08:00:00,4135001,HmiyD2TTLFNqkNe,24.854911266666665,35.20188793333334,0.4699400059999999
2020-06-01 09:15:00,4135001,HmiyD2TTLFNqkNe,26.58655813333333,42.300410866666674,0.4202787366666667
2020-06-01 12:15:00,4135001,HmiyD2TTLFNqkNe,29.6550456,49.0828572,0.6197431146666665
2020-06-01 12:30:00,4135001,HmiyD2TTLFNqkNe,29.979579800000003,49.852822,0.580272074
2020-06-01 13:45:00,4135001,HmiyD2TTLFNqkNe,28.47627846153846,42.37028861538461,0.480327483076923
2020-06-01 14:15:00,4135001,HmiyD2TTLFNqkNe,26.093007466666663,26.907125,0.2159930109999999
2020-06-01 14:30:00,4135001,HmiyD2TTLFNqkNe,26.54801433333333,32.771891,0.3338253060000001
2020-06-01 15:15:00,4135001,HmiyD2TTLFNqkNe,26.798168933333333,30.744077466666667,0.1274455812
2020-06-01 17:15:00,4135001,HmiyD2TTLFNqkNe,25.8629782,26.99750153333333,0.0639746532
2020-06-01 18:45:00,4135001,HmiyD2TTLFNqkNe,24.999057866666668,23.405692466666665,0.0
2020-06-02 00:00:00,4135001,HmiyD2TTLFNqkNe,22.54657193333333,20.3145366,0.0
2020-06-02 02:00:00,4135001,HmiyD2TTLFNqkNe,21.683178800000004,19.743534333333333,0.0
2020-06-02 03:00:00,4135001,HmiyD2TTLFNqkNe,21.4014854,19.5980612,0.0
2020-06-02 04:45:00,4135001,HmiyD2TTLFNqkNe,21.640098066666663,20.305562266666666,0.0
2020-06-02 06:00:00,4135001,HmiyD2TTLFNqkNe,21.586885533333334,20.010978066666667,0.0079012560333333
2020-06-02 07:00:00,4135001,HmiyD2TTLFNqkNe,22.607889933333336,23.6078104,0.117114942
2020-06-02 12:30:00,4135001,HmiyD2TTLFNqkNe,27.616939333333335,44.15874253333334,0.6629108933333333
2020-06-02 15:30:00,4135001,HmiyD2TTLFNqkNe,26.279598133333334,36.349589,0.4026979686666666
2020-06-02 15:45:00,4135001,HmiyD2TTLFNqkNe,26.519590333333333,37.54320873333334,0.4304919446666666
2020-06-02 16:00:00,4135001,HmiyD2TTLFNqkNe,26.6184204,38.264609666666665,0.4788621826666666
2020-06-02 16:30:00,4135001,HmiyD2TTLFNqkNe,26.13088566666667,34.19353846666667,0.3038333933333333
2020-06-02 16:45:00,4135001,HmiyD2TTLFNqkNe,25.7980978,31.919557666666662,0.21379486
2020-06-02 18:15:00,4135001,HmiyD2TTLFNqkNe,24.5652384,23.850461733333333,0.0213697816666666
2020-06-02 19:30:00,4135001,HmiyD2TTLFNqkNe,24.10461833333333,21.834912200000005,0.0
2020-06-02 19:45:00,4135001,HmiyD2TTLFNqkNe,24.030802466666668,21.673779266666664,0.0
2020-06-02 21:15:00,4135001,HmiyD2TTLFNqkNe,23.0872802,20.397253666666668,0.0
2020-06-02 22:00:00,4135001,HmiyD2TTLFNqkNe,23.1034912,20.658549266666665,0.0
2020-06-02 22:45:00,4135001,HmiyD2TTLFNqkNe,23.097322666666663,21.322857666666668,0.0
2020-06-02 23:00:00,4135001,HmiyD2TTLFNqkNe,23.029817857142856,21.02276614285714,0.0
2020-06-02 23:15:00,4135001,HmiyD2TTLFNqkNe,23.154599933333333,21.314619866666668,0.0
2020-06-02 23:45:00,4135001,HmiyD2TTLFNqkNe,23.185095266666664,21.173158933333333,0.0
2020-06-03 00:00:00,4135001,HmiyD2TTLFNqkNe,23.1571288,20.89146513333333,0.0
2020-06-03 00:15:00,4135001,HmiyD2TTLFNqkNe,22.974324466666666,20.576291866666665,0.0
2020-06-03 02:15:00,4135001,HmiyD2TTLFNqkNe,22.660235666666665,20.99209193333333,0.0
2020-06-03 04:15:00,4135001,HmiyD2TTLFNqkNe,22.34726146666667,20.68842773333333,0.0
2020-06-03 05:00:00,4135001,HmiyD2TTLFNqkNe,22.29955246666667,21.041841466666664,0.0
2020-06-03 05:15:00,4135001,HmiyD2TTLFNqkNe,22.230548066666667,21.1730612,0.0
2020-06-03 05:30:00,4135001,HmiyD2TTLFNqkNe,22.029776500000004,21.009530285714284,0.0
2020-06-03 06:45:00,4135001,HmiyD2TTLFNqkNe,22.115535533333336,22.72741286666667,0.0625831249333333
2020-06-03 08:00:00,4135001,HmiyD2TTLFNqkNe,24.27014585714286,31.983365928571427,0.3050666364285714
2020-06-03 08:30:00,4135001,HmiyD2TTLFNqkNe,25.202730200000005,34.808233666666666,0.3114204379999999
2020-06-03 09:00:00,4135001,HmiyD2TTLFNqkNe,25.790447933333336,36.467413466666656,0.4392469226666666
2020-06-03 09:15:00,4135001,HmiyD2TTLFNqkNe,25.9910524,37.30622160000001,0.4313674273333333
2020-06-03 10:15:00,4135001,HmiyD2TTLFNqkNe,26.170804866666664,36.67445066666666,0.4154079433333333
2020-06-03 11:15:00,4135001,HmiyD2TTLFNqkNe,27.98884273333333,46.194077866666674,0.6610665566666664
2020-06-03 11:30:00,4135001,HmiyD2TTLFNqkNe,27.941221066666667,45.770940866666656,0.8066293299999999
2020-06-03 13:30:00,4135001,HmiyD2TTLFNqkNe,28.559281400000003,48.776688333333325,0.7504526286666667
2020-06-03 13:45:00,4135001,HmiyD2TTLFNqkNe,27.86218783333333,46.6314395,0.6152726233333333
2020-06-03 14:45:00,4135001,HmiyD2TTLFNqkNe,28.27815892857143,45.06816992857143,0.73095554
2020-06-03 15:15:00,4135001,HmiyD2TTLFNqkNe,28.85288293333333,50.806604,0.7781302413333333
2020-06-03 17:45:00,4135001,HmiyD2TTLFNqkNe,25.95564166666666,27.818965666666667,0.1089596830666666
2020-06-03 19:30:00,4135001,HmiyD2TTLFNqkNe,23.983721866666667,21.4879578,0.0
2020-06-03 22:45:00,4135001,HmiyD2TTLFNqkNe,23.3567708,21.421516933333333,0.0
2020-06-04 01:30:00,4135001,HmiyD2TTLFNqkNe,22.874760071428568,20.64805378571429,0.0
2020-06-04 03:00:00,4135001,HmiyD2TTLFNqkNe,22.51006266666667,19.9091552,0.0
2020-06-04 05:15:00,4135001,HmiyD2TTLFNqkNe,22.293249466666666,20.07742533333333,0.0
2020-06-04 05:30:00,4135001,HmiyD2TTLFNqkNe,22.30016693333333,20.21210933333333,0.0
2020-06-04 08:45:00,4135001,HmiyD2TTLFNqkNe,25.7016844,38.59687113333333,0.339791978
2020-06-04 09:45:00,4135001,HmiyD2TTLFNqkNe,27.355015066666667,42.377244466666674,0.5299622466666666
2020-06-04 12:00:00,4135001,HmiyD2TTLFNqkNe,29.428778066666663,54.02926233333333,0.8495404559999999
2020-06-04 17:15:00,4135001,HmiyD2TTLFNqkNe,27.39092606666667,34.17826959999999,0.286518426
2020-06-04 18:15:00,4135001,HmiyD2TTLFNqkNe,25.879600133333334,25.6452434,0.0225988850666666
2020-06-04 18:45:00,4135001,HmiyD2TTLFNqkNe,25.1925436,22.83024093333333,0.0
2020-06-04 19:00:00,4135001,HmiyD2TTLFNqkNe,24.911574333333327,22.163502866666665,0.0
2020-06-04 20:00:00,4135001,HmiyD2TTLFNqkNe,24.203576466666668,21.570215,0.0
2020-06-04 21:30:00,4135001,HmiyD2TTLFNqkNe,23.413728857142857,20.771161785714288,0.0
2020-06-04 21:45:00,4135001,HmiyD2TTLFNqkNe,23.33440973333333,20.6240682,0.0
2020-06-04 22:45:00,4135001,HmiyD2TTLFNqkNe,22.871164866666668,19.952642666666662,0.0
2020-06-05 00:45:00,4135001,HmiyD2TTLFNqkNe,22.355903933333337,19.858323266666662,0.0
2020-06-05 01:45:00,4135001,HmiyD2TTLFNqkNe,21.935835733333334,19.1575074,0.0
2020-06-05 03:45:00,4135001,HmiyD2TTLFNqkNe,21.829637785714283,19.66063135714285,0.0
2020-06-05 05:45:00,4135001,HmiyD2TTLFNqkNe,21.663992714285715,19.751652214285716,0.0008480133085714
2020-06-05 07:00:00,4135001,HmiyD2TTLFNqkNe,22.578601066666668,23.143766266666663,0.1046293030666666
2020-06-05 08:15:00,4135001,HmiyD2TTLFNqkNe,23.990735,31.34313753333333,0.3701208159999999
2020-06-05 09:15:00,4135001,HmiyD2TTLFNqkNe,26.326908333333336,43.22573646666668,0.661408742
2020-06-05 09:45:00,4135001,HmiyD2TTLFNqkNe,27.300339800000003,45.74378906666668,0.403045044
2020-06-05 10:45:00,4135001,HmiyD2TTLFNqkNe,28.038039066666663,54.683736466666666,0.7114153480000001
2020-06-05 11:00:00,4135001,HmiyD2TTLFNqkNe,27.55344846666667,47.8497312,0.6841737733333335
2020-06-05 11:15:00,4135001,HmiyD2TTLFNqkNe,28.1088298,54.984794066666666,0.9138139586666668
2020-06-05 11:30:00,4135001,HmiyD2TTLFNqkNe,28.699442466666667,59.51716313333333,1.0468158086666666
2020-06-05 12:15:00,4135001,HmiyD2TTLFNqkNe,27.64007353333333,40.50380226666666,0.323248656
2020-06-05 14:30:00,4135001,HmiyD2TTLFNqkNe,29.279667000000003,49.60990173333333,0.8546898013333333
2020-06-05 17:15:00,4135001,HmiyD2TTLFNqkNe,28.329986466666664,35.2929974,0.2869888493333333
2020-06-05 17:45:00,4135001,HmiyD2TTLFNqkNe,28.13737193333333,33.33803933333334,0.1736663853333333
2020-06-05 18:45:00,4135001,HmiyD2TTLFNqkNe,25.68867206666667,23.948681533333335,0.000129449935
2020-06-05 19:45:00,4135001,HmiyD2TTLFNqkNe,24.567763266666667,21.854593933333334,0.0
2020-06-05 20:15:00,4135001,HmiyD2TTLFNqkNe,24.2519918,21.444433733333334,0.0
2020-06-05 20:30:00,4135001,HmiyD2TTLFNqkNe,24.041046266666665,21.321700266666667,0.0
2020-06-05 21:00:00,4135001,HmiyD2TTLFNqkNe,23.661025,20.71221926666667,0.0
2020-06-05 21:30:00,4135001,HmiyD2TTLFNqkNe,23.4621744,20.5305968,0.0
2020-06-05 22:00:00,4135001,HmiyD2TTLFNqkNe,23.249294066666664,20.27038166666667,0.0
2020-06-06 01:00:00,4135001,HmiyD2TTLFNqkNe,22.207804266666663,19.5121276,0.0
2020-06-06 03:15:00,4135001,HmiyD2TTLFNqkNe,21.438657733333336,19.052948066666666,0.0
2020-06-06 05:00:00,4135001,HmiyD2TTLFNqkNe,20.971514,18.501708928571425,0.0
2020-06-06 09:00:00,4135001,HmiyD2TTLFNqkNe,26.346307466666666,38.737007666666656,0.2645778099999999
2020-06-06 09:15:00,4135001,HmiyD2TTLFNqkNe,26.485955866666668,36.686997266666665,0.3741500186666666
2020-06-06 09:45:00,4135001,HmiyD2TTLFNqkNe,27.40662013333333,45.656620466666666,0.5831875886666666
2020-06-06 11:45:00,4135001,HmiyD2TTLFNqkNe,29.043869866666665,43.17022886666666,0.4059969573333333
2020-06-06 14:45:00,4135001,HmiyD2TTLFNqkNe,25.385963933333336,27.446895466666668,0.1509989932
2020-06-06 16:45:00,4135001,HmiyD2TTLFNqkNe,25.334818533333337,27.200339666666668,0.0816072844666666
2020-06-06 20:00:00,4135001,HmiyD2TTLFNqkNe,22.435105266666664,20.8517252,0.0
2020-06-06 20:45:00,4135001,HmiyD2TTLFNqkNe,22.187079066666666,20.1460408,0.0
2020-06-06 21:15:00,4135001,HmiyD2TTLFNqkNe,22.210577533333336,20.432326266666664,0.0
2020-06-07 00:15:00,4135001,HmiyD2TTLFNqkNe,22.10319206666666,20.39622393333333,0.0
2020-06-07 03:00:00,4135001,HmiyD2TTLFNqkNe,21.9359068,20.357409733333327,0.0
2020-06-07 03:30:00,4135001,HmiyD2TTLFNqkNe,21.89431971428571,20.10399957142857,0.0
2020-06-07 04:30:00,4135001,HmiyD2TTLFNqkNe,21.946582066666668,20.434261,0.0
2020-06-07 10:00:00,4135001,HmiyD2TTLFNqkNe,24.88059273333333,39.5672728,0.4554531606666666
2020-06-07 10:15:00,4135001,HmiyD2TTLFNqkNe,25.090109714285717,39.83215985714286,0.537035125
2020-06-07 12:15:00,4135001,HmiyD2TTLFNqkNe,28.7483338,59.98777086666667,1.0242290946666668
2020-06-07 13:00:00,4135001,HmiyD2TTLFNqkNe,30.082822666666665,56.89508453333334,0.9434325606666668
2020-06-07 14:15:00,4135001,HmiyD2TTLFNqkNe,30.526469571428567,52.11067421428572,0.6577993407142857
2020-06-07 20:45:00,4135001,HmiyD2TTLFNqkNe,23.948044733333337,22.21106766666667,0.0
2020-06-07 23:00:00,4135001,HmiyD2TTLFNqkNe,23.136674066666668,21.55108446666667,0.0
2020-06-08 00:45:00,4135001,HmiyD2TTLFNqkNe,22.822715266666663,21.3458352,0.0
2020-06-08 01:00:00,4135001,HmiyD2TTLFNqkNe,22.663851,20.767582200000003,0.0
2020-06-08 01:45:00,4135001,HmiyD2TTLFNqkNe,22.584224142857146,21.25341378571429,0.0
2020-06-08 02:30:00,4135001,HmiyD2TTLFNqkNe,22.406974266666666,21.0984478,0.0
2020-06-08 02:45:00,4135001,HmiyD2TTLFNqkNe,22.321024533333333,21.0637756,0.0
2020-06-08 05:30:00,4135001,HmiyD2TTLFNqkNe,21.538749066666668,20.1673342,0.0
2020-06-08 06:30:00,4135001,HmiyD2TTLFNqkNe,21.680248933333328,21.65212806666667,0.0579955505333333
2020-06-08 07:00:00,4135001,HmiyD2TTLFNqkNe,22.075207466666665,23.212565,0.1196465384666666
2020-06-08 07:15:00,4135001,HmiyD2TTLFNqkNe,22.4391438,25.193231133333327,0.1471483106666666
2020-06-08 09:00:00,4135001,HmiyD2TTLFNqkNe,25.66906733333333,41.449745733333344,0.4867305466666667
2020-06-08 12:00:00,4135001,HmiyD2TTLFNqkNe,28.983550933333333,47.150412800000005,0.7595703319999999
2020-06-08 15:15:00,4135001,HmiyD2TTLFNqkNe,31.104663,49.31515293333333,0.7102237526666668
2020-06-08 15:30:00,4135001,HmiyD2TTLFNqkNe,30.64887906666667,45.644804066666666,0.4696780846666667
2020-06-08 17:15:00,4135001,HmiyD2TTLFNqkNe,28.7508078,33.324613199999995,0.174294533
2020-06-08 18:45:00,4135001,HmiyD2TTLFNqkNe,26.470400066666667,24.559830733333328,0.0008603421582
2020-06-08 19:15:00,4135001,HmiyD2TTLFNqkNe,25.64765271428572,23.230061,0.0
2020-06-08 20:15:00,4135001,HmiyD2TTLFNqkNe,24.524369400000005,21.2573832,0.0
2020-06-08 20:30:00,4135001,HmiyD2TTLFNqkNe,24.091544666666664,20.82428393333333,0.0
2020-06-08 21:15:00,4135001,HmiyD2TTLFNqkNe,23.71181633333333,20.849894133333333,0.0
2020-06-08 21:45:00,4135001,HmiyD2TTLFNqkNe,23.135550933333327,20.27771806666667,0.0
2020-06-09 04:15:00,4135001,HmiyD2TTLFNqkNe,21.2718855,19.7034935,0.0
2020-06-09 05:15:00,4135001,HmiyD2TTLFNqkNe,21.25706573333333,19.69253353333333,0.0
2020-06-09 06:00:00,4135001,HmiyD2TTLFNqkNe,21.290627133333327,19.30538333333333,0.0129515775266666
2020-06-09 08:15:00,4135001,HmiyD2TTLFNqkNe,25.00489506666667,39.233233733333336,0.4785613493333333
2020-06-09 12:00:00,4135001,HmiyD2TTLFNqkNe,30.3104532,51.566701466666665,0.6967051026666666
2020-06-09 12:45:00,4135001,HmiyD2TTLFNqkNe,30.58775246666667,52.985744666666655,0.7895503819999999
2020-06-09 14:30:00,4135001,HmiyD2TTLFNqkNe,30.8700052,46.78769106666667,0.5976702813333334
2020-06-09 14:45:00,4135001,HmiyD2TTLFNqkNe,30.576977533333327,44.940977,0.5432410099999999
2020-06-09 15:00:00,4135001,HmiyD2TTLFNqkNe,31.041467333333333,47.85286426666667,0.5735764053333332
2020-06-09 15:15:00,4135001,HmiyD2TTLFNqkNe,30.592580066666667,44.846677466666655,0.581595316
2020-06-09 16:15:00,4135001,HmiyD2TTLFNqkNe,29.8809834,40.778582533333335,0.3971458206666666
2020-06-09 19:00:00,4135001,HmiyD2TTLFNqkNe,25.74157933333333,23.5481262,0.0
2020-06-09 20:15:00,4135001,HmiyD2TTLFNqkNe,24.670693000000004,22.23764033333333,0.0
2020-06-09 20:45:00,4135001,HmiyD2TTLFNqkNe,24.260123600000004,21.96341146666666,0.0
2020-06-09 21:45:00,4135001,HmiyD2TTLFNqkNe,23.53315420000001,21.05003653333333,0.0
2020-06-09 23:45:00,4135001,HmiyD2TTLFNqkNe,22.825907333333337,20.686539866666667,0.0
2020-06-10 01:15:00,4135001,HmiyD2TTLFNqkNe,22.56594833333333,20.73139866666667,0.0
2020-06-10 03:45:00,4135001,HmiyD2TTLFNqkNe,22.039939333333336,19.941762333333333,0.0
2020-06-10 08:15:00,4135001,HmiyD2TTLFNqkNe,25.02677213333333,33.531537,0.2062544126666666
2020-06-10 09:15:00,4135001,HmiyD2TTLFNqkNe,26.62600271428571,41.63306128571429,0.5869376799999999
2020-06-10 09:30:00,4135001,HmiyD2TTLFNqkNe,27.044360466666664,43.41336893333333,0.576820234
2020-06-10 09:45:00,4135001,HmiyD2TTLFNqkNe,27.166434800000005,41.88674519999999,0.4474333473333334
2020-06-10 11:45:00,4135001,HmiyD2TTLFNqkNe,28.499033466666667,45.56717713333333,0.6853178500000001
2020-06-10 12:15:00,4135001,HmiyD2TTLFNqkNe,30.189037933333328,54.239634266666656,0.869060306
2020-06-10 12:30:00,4135001,HmiyD2TTLFNqkNe,30.080072133333328,53.7302392,0.8686483159999999
2020-06-10 15:30:00,4135001,HmiyD2TTLFNqkNe,25.028104666666668,29.65835566666667,0.2919487846666666
2020-06-10 15:45:00,4135001,HmiyD2TTLFNqkNe,25.1799176,32.45616233333334,0.2474112733333333
2020-06-10 16:45:00,4135001,HmiyD2TTLFNqkNe,26.307415666666667,32.08403093333333,0.1932886153333333
2020-06-10 17:15:00,4135001,HmiyD2TTLFNqkNe,26.0763428,30.701261466666665,0.17003262
2020-06-10 20:00:00,4135001,HmiyD2TTLFNqkNe,23.8389954,22.53573606666667,0.0
2020-06-10 21:00:00,4135001,HmiyD2TTLFNqkNe,22.29684226666667,21.24188433333333,0.0
2020-06-10 22:15:00,4135001,HmiyD2TTLFNqkNe,22.00165442857143,20.468538571428567,0.0
2020-06-10 22:45:00,4135001,HmiyD2TTLFNqkNe,22.014015666666666,20.856579533333335,0.0
2020-06-10 23:45:00,4135001,HmiyD2TTLFNqkNe,22.643738066666664,21.613045333333336,0.0
2020-06-11 00:00:00,4135001,HmiyD2TTLFNqkNe,22.739367733333328,21.784452266666666,0.0
2020-06-11 01:00:00,4135001,HmiyD2TTLFNqkNe,22.373763,21.36869693333333,0.0
2020-06-11 04:45:00,4135001,HmiyD2TTLFNqkNe,21.1515158,19.529553,0.0
2020-06-11 06:15:00,4135001,HmiyD2TTLFNqkNe,21.87074993333333,20.6757548,0.0115848330599999
2020-06-11 08:15:00,4135001,HmiyD2TTLFNqkNe,23.1288086,28.704862466666665,0.1892255126666666
2020-06-11 10:45:00,4135001,HmiyD2TTLFNqkNe,25.753749666666668,36.50444326666668,0.388530498
2020-06-11 13:00:00,4135001,HmiyD2TTLFNqkNe,27.793925066666667,40.65225413333333,0.4614137253333333
2020-06-11 13:30:00,4135001,HmiyD2TTLFNqkNe,28.019702266666663,39.3556314,0.3363512746666666
2020-06-11 16:00:00,4135001,HmiyD2TTLFNqkNe,28.066652533333336,37.5957134,0.3353831253333333
2020-06-11 20:15:00,4135001,HmiyD2TTLFNqkNe,24.059523533333333,22.747019333333327,0.0
2020-06-11 21:00:00,4135001,HmiyD2TTLFNqkNe,23.82512006666667,22.368981933333338,0.0
2020-06-11 21:15:00,4135001,HmiyD2TTLFNqkNe,23.73761393333333,22.361889533333333,0.0
2020-06-11 21:30:00,4135001,HmiyD2TTLFNqkNe,23.686230533333333,22.271466200000003,0.0
2020-06-11 22:15:00,4135001,HmiyD2TTLFNqkNe,23.57180973333333,22.367293333333333,0.0
2020-06-11 23:00:00,4135001,HmiyD2TTLFNqkNe,23.328574733333333,21.94969073333333,0.0
2020-06-12 00:00:00,4135001,HmiyD2TTLFNqkNe,22.799922733333336,20.528210533333333,0.0
2020-06-12 00:15:00,4135001,HmiyD2TTLFNqkNe,22.69196986666667,20.668831466666663,0.0
2020-06-12 02:00:00,4135001,HmiyD2TTLFNqkNe,22.360552285714288,20.44197957142857,0.0
2020-06-12 03:00:00,4135001,HmiyD2TTLFNqkNe,21.680625333333328,19.39233373333333,0.0
2020-06-12 03:15:00,4135001,HmiyD2TTLFNqkNe,21.79938153333333,20.0586528,0.0
2020-06-12 03:45:00,4135001,HmiyD2TTLFNqkNe,22.11750466666667,21.4555846,0.0
2020-06-12 04:00:00,4135001,HmiyD2TTLFNqkNe,21.33571573333333,20.44492186666667,0.0
2020-06-12 04:30:00,4135001,HmiyD2TTLFNqkNe,21.14945466666667,19.437854,0.0
2020-06-12 05:30:00,4135001,HmiyD2TTLFNqkNe,20.894081466666663,19.889562933333337,0.0
2020-06-12 06:00:00,4135001,HmiyD2TTLFNqkNe,20.89739573333333,20.124570866666662,0.0033814346733333
2020-06-12 07:00:00,4135001,HmiyD2TTLFNqkNe,21.6540956,22.649001066666667,0.0630958514666666
2020-06-12 07:15:00,4135001,HmiyD2TTLFNqkNe,21.774928866666663,23.340763133333333,0.0711178362666666
2020-06-12 08:00:00,4135001,HmiyD2TTLFNqkNe,22.443727666666664,24.818983933333335,0.1192626860666666
2020-06-12 09:45:00,4135001,HmiyD2TTLFNqkNe,24.682629266666662,35.93726406666667,0.4422391126666667
2020-06-12 12:15:00,4135001,HmiyD2TTLFNqkNe,27.061141066666668,45.5239648,0.507273356
2020-06-12 12:45:00,4135001,HmiyD2TTLFNqkNe,27.122843333333336,40.93966879999999,0.544320384
2020-06-12 14:15:00,4135001,HmiyD2TTLFNqkNe,28.47677,43.1335732,0.5180401986666665
2020-06-12 16:45:00,4135001,HmiyD2TTLFNqkNe,26.854547133333337,30.850948,0.1810615513333333
2020-06-12 18:15:00,4135001,HmiyD2TTLFNqkNe,25.90362353333333,26.05394893333333,0.0264554836
2020-06-12 19:15:00,4135001,HmiyD2TTLFNqkNe,24.384317933333328,23.15259813333333,0.0
2020-06-12 19:45:00,4135001,HmiyD2TTLFNqkNe,23.60764766666667,21.81601153333333,0.0
2020-06-12 21:15:00,4135001,HmiyD2TTLFNqkNe,22.585485866666662,21.05030713333333,0.0
2020-06-12 23:15:00,4135001,HmiyD2TTLFNqkNe,22.398563857142857,20.52727628571429,0.0
2020-06-13 03:30:00,4135001,HmiyD2TTLFNqkNe,21.771885066666663,19.845127266666665,0.0
2020-06-13 04:45:00,4135001,HmiyD2TTLFNqkNe,21.70644933333333,19.613462266666662,0.0
2020-06-13 05:30:00,4135001,HmiyD2TTLFNqkNe,21.506585666666663,19.00236393333333,0.0
2020-06-13 06:30:00,4135001,HmiyD2TTLFNqkNe,21.14960933333333,19.30752746666667,0.0437152266
2020-06-13 08:30:00,4135001,HmiyD2TTLFNqkNe,25.640753066666665,39.91504320000001,0.5138973833333333
2020-06-13 11:30:00,4135001,HmiyD2TTLFNqkNe,29.45011986666667,53.953094466666656,0.8554001073333332
2020-06-13 11:45:00,4135001,HmiyD2TTLFNqkNe,29.6048524,54.930332333333325,1.0166871813333331
2020-06-13 12:15:00,4135001,HmiyD2TTLFNqkNe,29.873128133333328,53.62572206666666,0.8893022273333333
2020-06-13 12:30:00,4135001,HmiyD2TTLFNqkNe,29.448215866666665,51.5198242,0.8805713933333333
2020-06-13 13:00:00,4135001,HmiyD2TTLFNqkNe,30.0071574,52.9624858,0.725001628
2020-06-13 14:15:00,4135001,HmiyD2TTLFNqkNe,26.824531933333333,48.231018133333336,0.812712094
2020-06-13 17:30:00,4135001,HmiyD2TTLFNqkNe,25.933880733333336,28.44586786666666,0.0888713367333333
2020-06-13 18:30:00,4135001,HmiyD2TTLFNqkNe,24.8120402,23.99075733333333,0.0072804718466666
2020-06-13 21:45:00,4135001,HmiyD2TTLFNqkNe,22.8499696,20.56525273333333,0.0
2020-06-13 22:45:00,4135001,HmiyD2TTLFNqkNe,22.265993133333332,19.826631933333335,0.0
2020-06-14 00:00:00,4135001,HmiyD2TTLFNqkNe,22.309425866666672,21.2856466,0.0
2020-06-14 02:30:00,4135001,HmiyD2TTLFNqkNe,22.49683426666666,21.054260400000004,0.0
2020-06-14 03:45:00,4135001,HmiyD2TTLFNqkNe,22.184255066666665,20.324055933333334,0.0
2020-06-14 06:00:00,4135001,HmiyD2TTLFNqkNe,22.556378266666663,21.5976542,0.0071151917066666
2020-06-14 07:00:00,4135001,HmiyD2TTLFNqkNe,23.208211133333336,25.60406513333333,0.1471822867333333
2020-06-14 08:15:00,4135001,HmiyD2TTLFNqkNe,23.763501066666667,28.384606933333338,0.2447378533333333
2020-06-14 09:15:00,4135001,HmiyD2TTLFNqkNe,25.093788666666665,38.5421514,0.5664324566666666
2020-06-14 09:30:00,4135001,HmiyD2TTLFNqkNe,25.808286599999995,41.24847206666666,0.5574083926666665
2020-06-14 10:30:00,4135001,HmiyD2TTLFNqkNe,26.36005846666667,38.9274884,0.7195252226666667
2020-06-14 10:45:00,4135001,HmiyD2TTLFNqkNe,26.533363733333328,42.528473,0.8330450946666667
2020-06-14 11:30:00,4135001,HmiyD2TTLFNqkNe,26.8470704,46.03145753333334,0.6621523706666665
2020-06-14 12:00:00,4135001,HmiyD2TTLFNqkNe,25.218285714285717,37.81592471428572,0.4920235971428571
2020-06-14 12:45:00,4135001,HmiyD2TTLFNqkNe,25.431060866666662,37.15700086666667,0.519268844
2020-06-14 14:00:00,4135001,HmiyD2TTLFNqkNe,27.848915600000005,59.386079333333335,1.2216518466666668
2020-06-14 16:00:00,4135001,HmiyD2TTLFNqkNe,27.05220753333333,38.234853066666666,0.4008640346666667
2020-06-14 16:45:00,4135001,HmiyD2TTLFNqkNe,26.0342224,30.358787133333337,0.1544666584
2020-06-14 17:15:00,4135001,HmiyD2TTLFNqkNe,25.845591266666663,28.6533284,0.1121953106
2020-06-14 17:30:00,4135001,HmiyD2TTLFNqkNe,25.6701172,27.996036799999995,0.0712777123333333
2020-06-14 18:00:00,4135001,HmiyD2TTLFNqkNe,25.3053914,25.30308846666667,0.0297671323333333
2020-06-14 18:15:00,4135001,HmiyD2TTLFNqkNe,25.1361024,24.7232728,0.019033676
2020-06-14 19:15:00,4135001,HmiyD2TTLFNqkNe,24.54298286666667,23.092030733333328,0.0
2020-06-14 21:30:00,4135001,HmiyD2TTLFNqkNe,23.86289053333333,22.984142933333327,0.0
2020-06-14 21:45:00,4135001,HmiyD2TTLFNqkNe,23.777291,22.35220546666667,0.0
2020-06-14 23:00:00,4135001,HmiyD2TTLFNqkNe,23.3865622,21.151995866666667,0.0
2020-06-14 23:15:00,4135001,HmiyD2TTLFNqkNe,23.331081066666663,21.4704246,0.0
2020-06-14 23:45:00,4135001,HmiyD2TTLFNqkNe,23.418153933333333,22.447845466666667,0.0
2020-06-15 00:15:00,4135001,HmiyD2TTLFNqkNe,23.19021186666667,22.545045933333327,0.0
2020-06-15 01:45:00,4135001,HmiyD2TTLFNqkNe,22.161108785714287,21.202298785714287,0.0
2020-06-15 03:00:00,4135001,HmiyD2TTLFNqkNe,22.138987400000005,20.774737666666667,0.0
2020-06-15 04:30:00,4135001,HmiyD2TTLFNqkNe,21.5948508,20.4898396,0.0
2020-06-15 05:00:00,4135001,HmiyD2TTLFNqkNe,21.50873626666667,20.08615913333333,0.0
2020-06-15 05:30:00,4135001,HmiyD2TTLFNqkNe,21.4322062,19.826896066666663,0.0
2020-06-15 06:30:00,4135001,HmiyD2TTLFNqkNe,21.957159333333333,22.195896266666672,0.067908889
2020-06-15 07:45:00,4135001,HmiyD2TTLFNqkNe,23.83686933333333,29.87518726666667,0.2642032693333333
2020-06-15 08:15:00,4135001,HmiyD2TTLFNqkNe,25.257212400000004,40.66176133333333,0.5363576693333331
2020-06-15 10:45:00,4135001,HmiyD2TTLFNqkNe,27.778298642857145,46.05228092857142,0.8608448592857144
2020-06-15 12:30:00,4135001,HmiyD2TTLFNqkNe,28.54629326666667,39.752722466666654,0.3901906573333333
2020-06-15 13:45:00,4135001,HmiyD2TTLFNqkNe,27.856903133333333,34.7539672,0.2260944466666666
2020-06-15 14:00:00,4135001,HmiyD2TTLFNqkNe,27.197220866666672,33.998970666666665,0.2690430446666666
2020-06-15 14:30:00,4135001,HmiyD2TTLFNqkNe,27.611472733333333,43.56778333333334,0.652056834
2020-06-15 15:00:00,4135001,HmiyD2TTLFNqkNe,27.93405566666667,41.36491266666666,0.4233145246666666
2020-06-15 17:15:00,4135001,HmiyD2TTLFNqkNe,26.9659322,31.59396966666667,0.1565710793333333
2020-06-15 21:30:00,4135001,HmiyD2TTLFNqkNe,23.00178813333333,21.152862666666667,0.0
2020-06-15 22:00:00,4135001,HmiyD2TTLFNqkNe,22.975063066666667,21.0493896,0.0
2020-06-15 22:30:00,4135001,HmiyD2TTLFNqkNe,23.4763204,22.651540133333327,0.0
2020-06-15 22:45:00,4135001,HmiyD2TTLFNqkNe,23.61283221428572,22.879322642857144,0.0
2020-06-15 23:15:00,4135001,HmiyD2TTLFNqkNe,23.602976466666668,22.941127400000003,0.0
2020-06-15 23:45:00,4135001,HmiyD2TTLFNqkNe,23.641210800000003,23.05128580000001,0.0
2020-06-16 01:15:00,4135001,HmiyD2TTLFNqkNe,22.654924857142856,20.882272,0.0
2020-06-16 01:45:00,4135001,HmiyD2TTLFNqkNe,22.727596,21.583762466666663,0.0
2020-06-16 03:30:00,4135001,HmiyD2TTLFNqkNe,22.399773714285715,20.989717642857144,0.0
2020-06-16 04:00:00,4135001,HmiyD2TTLFNqkNe,22.5443968,21.4435628,0.0
2020-06-16 04:15:00,4135001,HmiyD2TTLFNqkNe,22.5694072,21.518406266666663,0.0
2020-06-16 04:30:00,4135001,HmiyD2TTLFNqkNe,22.590698266666667,21.7528688,0.0
2020-06-16 06:00:00,4135001,HmiyD2TTLFNqkNe,22.494378142857144,21.69032292857143,0.003851879775
2020-06-16 06:30:00,4135001,HmiyD2TTLFNqkNe,22.7384398,22.45022773333333,0.0468413084666666
2020-06-16 09:15:00,4135001,HmiyD2TTLFNqkNe,25.76177973333333,38.08438906666666,0.46019857
2020-06-16 09:30:00,4135001,HmiyD2TTLFNqkNe,26.016273933333327,39.71077913333334,0.5521471146666667
2020-06-16 10:15:00,4135001,HmiyD2TTLFNqkNe,27.3343506,49.562795,0.7204248719999999
2020-06-16 11:15:00,4135001,HmiyD2TTLFNqkNe,27.928853400000005,48.67373446666666,0.5986946806666666
2020-06-16 11:30:00,4135001,HmiyD2TTLFNqkNe,27.818320733333337,43.250374533333336,0.4207671039999999
2020-06-16 13:45:00,4135001,HmiyD2TTLFNqkNe,28.5019692,41.4494812,0.4094128093333333
2020-06-16 14:15:00,4135001,HmiyD2TTLFNqkNe,28.307661933333332,38.786185733333326,0.3048436553333333
2020-06-16 17:00:00,4135001,HmiyD2TTLFNqkNe,27.1594952,30.26335453333333,0.138821146
2020-06-16 17:45:00,4135001,HmiyD2TTLFNqkNe,26.144761066666668,27.2317426,0.0729025029333333
2020-06-16 18:45:00,4135001,HmiyD2TTLFNqkNe,25.18057035714285,23.46554121428572,5.614888285714287e-05
2020-06-16 20:30:00,4135001,HmiyD2TTLFNqkNe,23.731559266666665,21.342250600000003,0.0
2020-06-16 21:15:00,4135001,HmiyD2TTLFNqkNe,23.47867833333333,21.77463793333333,0.0
2020-06-16 21:30:00,4135001,HmiyD2TTLFNqkNe,23.456827866666668,21.562624133333337,0.0
2020-06-16 22:00:00,4135001,HmiyD2TTLFNqkNe,23.0816692,20.936218266666668,0.0
2020-06-17 02:00:00,4135001,HmiyD2TTLFNqkNe,22.6269064,21.193654466666665,0.0
2020-06-17 03:00:00,4135001,HmiyD2TTLFNqkNe,22.852022266666665,22.4946594,0.0
2020-06-17 03:45:00,4135001,HmiyD2TTLFNqkNe,22.788774857142855,22.275460428571428,0.0
2020-06-17 05:45:00,4135001,HmiyD2TTLFNqkNe,21.707153333333327,20.7132262,0.0
2020-06-17 06:15:00,4135001,HmiyD2TTLFNqkNe,22.093398,20.82297773333333,0.0191750494666666
2020-06-17 09:45:00,4135001,HmiyD2TTLFNqkNe,25.527582066666668,37.25813600000001,0.3833396619999999
2020-06-17 10:15:00,4135001,HmiyD2TTLFNqkNe,25.957446399999995,38.814910666666655,0.4543548386666667
2020-06-17 12:15:00,4135001,HmiyD2TTLFNqkNe,28.649094666666667,53.773537133333335,1.0312303086666668
2020-06-17 12:45:00,4135001,HmiyD2TTLFNqkNe,29.028007,47.83913766666667,0.7001748986666666
2020-06-17 13:15:00,4135001,HmiyD2TTLFNqkNe,28.496042933333328,42.57935760000001,0.6021715766666667
2020-06-17 19:00:00,4135001,HmiyD2TTLFNqkNe,23.474888266666667,22.42334993333333,0.0
2020-06-17 21:15:00,4135001,HmiyD2TTLFNqkNe,22.892598466666666,21.563179466666664,0.0
